ChipID,X_mm,Y_mm,Current_mA,OpticalOutput_mW,Voltage_V
C0000,19.65,-7.70,20,1.340,2.107
C0001,-21.39,-10.70,20,1.921,2.098
C0002,-27.31,-46.33,40,4.294,3.067
C0003,5.13,38.40,10,1.509,1.601
C0004,21.95,17.65,20,2.049,2.102
C0005,-7.69,27.83,20,2.810,2.099
C0006,48.08,16.57,50,4.903,3.621
C0007,18.48,-15.70,50,5.421,3.598
C0008,-1.91,0.68,20,1.692,2.258
C0009,-10.79,-37.13,40,4.022,3.125
C0010,-15.68,-33.84,30,3.785,2.616
C0011,22.90,-17.59,50,5.128,3.587
C0012,-6.14,14.37,10,0.758,1.607
C0013,-44.03,9.96,50,5.522,3.589
C0014,-10.20,27.53,40,5.332,3.086
C0015,23.80,3.22,20,0.335,2.096
C0016,-31.75,17.57,20,2.286,2.096
C0017,-32.45,-45.61,50,4.090,3.615
C0018,3.16,43.33,10,,1.592
C0019,3.18,34.62,20,,2.119
C0020,13.44,43.66,40,5.144,3.091
C0021,34.94,-32.64,30,,2.584
C0022,22.45,-35.40,30,2.301,2.587
C0023,11.10,4.02,10,2.091,1.557
C0024,22.24,33.87,10,-0.778,1.582
C0025,-17.70,23.84,10,2.530,1.624
C0026,-13.82,-24.14,40,3.250,3.091
C0027,-27.17,-2.48,30,3.072,2.635
C0028,-20.63,-26.46,50,5.741,3.602
C0029,13.10,6.42,30,3.736,2.595
C0030,-40.79,6.75,30,4.565,2.599
C0031,-6.63,-41.69,10,-0.069,1.580
C0032,-6.91,13.28,30,1.662,2.609
C0033,-0.63,-40.30,10,2.578,1.552
C0034,-7.42,-47.21,50,4.700,3.637
C0035,-18.77,35.51,10,0.783,1.599
C0036,-7.36,-25.16,50,5.755,3.578
C0037,39.34,-3.49,40,3.832,3.105
C0038,44.42,43.80,20,2.713,2.409
C0039,0.18,12.54,10,0.039,1.602
C0040,12.40,-12.74,50,4.264,3.592
C0041,-38.44,35.18,50,4.375,3.608
C0042,-18.27,-28.54,50,5.024,3.604
C0043,-8.52,-1.17,50,3.740,3.594
C0044,36.63,6.57,40,3.722,3.128
C0045,-24.95,8.58,30,2.531,2.581
C0046,-1.70,-48.25,10,0.250,1.592
C0047,48.56,-12.30,30,3.225,2.671
C0048,1.95,1.49,20,1.521,2.236
C0049,11.29,-4.22,30,,2.589
C0050,-37.94,32.19,10,0.365,1.580
C0051,32.63,22.29,50,5.030,3.597
C0052,10.31,43.22,20,2.476,2.100
C0053,4.51,-27.62,20,1.608,2.098
C0054,-15.72,-34.38,10,0.478,1.585
C0055,-19.59,-29.68,40,3.062,3.085
C0056,-8.30,15.64,30,4.248,2.580
C0057,18.13,-24.83,20,1.899,2.099
C0058,37.55,16.46,30,2.543,2.608
C0059,1.04,18.34,50,5.545,3.571
C0060,16.93,-41.87,20,2.601,2.394
C0061,8.59,24.00,40,3.751,3.068
C0062,12.49,-18.60,50,5.968,3.621
C0063,17.47,-27.89,10,0.152,1.554
C0064,34.23,-24.12,40,3.552,3.097
C0065,-41.68,39.63,50,5.138,3.592
C0066,26.37,10.51,50,,3.580
C0067,-25.63,14.97,50,5.833,3.627
C0068,-30.58,-28.29,50,4.867,3.574
C0069,7.25,-14.00,20,1.325,2.259
C0070,-40.43,31.05,20,1.958,2.395
C0071,38.53,-15.98,30,2.129,2.631
C0072,12.72,31.27,50,5.126,3.591
C0073,22.34,-30.00,20,1.461,2.109
C0074,-48.39,23.24,50,5.575,3.610
C0075,9.44,-38.32,50,3.858,3.626
C0076,5.68,32.24,10,-0.752,1.586
C0077,-34.10,17.27,30,2.757,2.599
C0078,-34.69,45.73,50,6.124,3.606
C0079,19.55,-47.05,30,3.163,2.585
C0080,-18.12,-36.81,30,3.471,2.629
C0081,19.20,-47.27,30,3.073,2.593
C0082,5.44,-48.32,30,2.437,2.616
C0083,-11.10,34.61,20,2.264,2.100
C0084,42.51,13.14,30,3.035,2.574
C0085,34.17,14.38,10,0.813,1.598
C0086,-14.26,-12.39,20,0.544,2.233
C0087,-45.64,-44.67,50,4.857,3.602
C0088,-19.52,-6.88,30,2.729,2.598
C0089,-10.18,-34.26,10,1.502,1.615
C0090,20.50,43.46,10,0.357,1.587
C0091,49.54,37.85,10,1.467,1.617
C0092,-14.41,-19.91,50,4.430,3.588
C0093,26.25,-48.27,30,,2.602
C0094,9.32,-47.91,50,4.508,3.598
C0095,19.17,2.88,30,1.345,2.592
C0096,-34.89,32.32,40,5.087,3.110
C0097,-10.11,-15.77,40,4.910,3.114
C0098,-25.91,15.74,50,4.205,3.628
C0099,-15.65,35.80,50,5.384,3.572
C0100,1.31,13.62,30,,2.657
C0101,16.66,-49.39,20,2.076,2.386
C0102,-39.41,5.11,30,4.654,2.606
C0103,-36.91,-32.52,50,4.617,3.613
C0104,-17.80,30.01,30,2.146,2.611
C0105,16.16,-8.76,30,3.692,2.630
C0106,34.65,-6.08,40,4.295,3.092
C0107,5.33,-19.61,30,,2.567
C0108,35.45,-27.04,20,0.556,2.083
C0109,-11.52,-34.00,20,1.204,2.097
C0110,-18.32,-9.23,30,3.012,2.611
C0111,-14.57,3.76,10,-0.264,1.589
C0112,-32.89,40.09,20,1.732,2.401
C0113,32.91,-9.81,20,1.525,2.114
C0114,-16.13,-17.82,20,2.000,2.106
C0115,5.24,31.82,30,3.525,2.638
C0116,7.86,19.62,40,3.183,3.113
C0117,2.15,-38.52,20,2.759,2.087
C0118,-49.73,20.73,50,4.437,3.572
C0119,48.83,45.12,30,4.177,2.591
C0120,40.53,-0.28,50,5.313,3.612
C0121,-29.24,-0.94,20,2.128,2.092
C0122,-20.75,22.36,50,5.808,3.575
C0123,2.00,-30.01,20,1.750,2.119
C0124,40.19,-13.30,10,1.612,1.583
C0125,48.36,-18.31,30,2.543,2.648
C0126,-24.25,49.59,50,6.113,3.613
C0127,6.44,-33.84,30,2.598,2.604
C0128,30.70,-32.60,10,0.409,1.590
C0129,-10.56,-3.91,50,5.543,3.578
C0130,23.11,-22.57,30,2.536,2.600
C0131,-33.89,37.07,30,3.715,2.593
C0132,10.07,-6.35,30,3.177,2.600
C0133,36.59,18.49,40,3.986,3.119
C0134,48.35,31.82,10,0.301,1.596
C0135,-42.06,-22.80,20,2.000,2.387
C0136,-7.17,23.27,30,2.730,2.595
C0137,-29.55,-10.09,20,,2.096
C0138,-4.94,-24.55,50,,3.565
C0139,4.78,39.01,20,,2.092
C0140,-40.67,6.50,30,3.059,2.626
C0141,-20.31,-0.37,50,4.749,3.604
C0142,42.76,-31.94,30,3.222,2.622
C0143,6.90,40.16,50,3.951,3.587
C0144,-4.26,13.78,40,3.273,3.072
C0145,25.35,44.76,30,2.144,2.596
C0146,24.19,-45.57,20,1.818,2.416
C0147,-45.14,-38.34,50,4.584,3.573
C0148,20.87,37.74,20,2.001,2.101
C0149,33.92,-4.82,30,2.453,2.638
C0150,-33.41,-3.30,20,0.908,2.112
C0151,28.10,-27.67,30,3.268,2.588
C0152,-21.35,-1.16,10,1.144,1.604
C0153,-19.35,-6.15,10,0.790,1.610
C0154,16.53,22.09,40,4.594,3.146
C0155,-38.86,13.55,10,1.075,1.614
C0156,16.49,29.90,10,2.075,1.610
C0157,38.79,28.31,30,1.798,2.594
C0158,19.63,-7.85,30,3.636,2.594
C0159,-5.97,-19.85,30,2.232,2.597
C0160,-6.18,-17.32,30,2.219,2.623
C0161,26.51,48.99,20,2.255,2.406
C0162,6.56,-9.08,20,1.911,2.257
C0163,-41.51,25.55,50,4.872,3.626
C0164,8.27,-41.73,40,3.711,3.140
C0165,31.48,-7.04,30,2.276,2.630
C0166,-16.29,-17.11,50,4.960,3.612
C0167,42.76,-33.98,40,3.495,3.089
C0168,25.07,-47.61,30,2.224,2.631
C0169,7.41,-24.81,30,3.959,2.575
C0170,25.16,29.33,20,2.744,2.093
C0171,-42.09,-20.25,10,1.440,1.593
C0172,35.94,37.30,50,4.848,3.563
C0173,32.15,7.88,50,5.343,3.606
C0174,40.99,30.47,10,1.328,1.629
C0175,-37.14,49.94,20,2.419,2.405
C0176,-41.82,14.06,20,1.053,2.104
C0177,-36.16,-15.91,40,,3.078
C0178,-10.06,-19.00,10,1.388,1.595
C0179,-7.57,47.27,50,6.303,3.567
C0180,6.22,21.46,30,2.424,2.603
C0181,-37.78,0.25,20,1.461,2.103
C0182,-29.86,-28.59,20,0.572,2.092
C0183,31.16,-1.01,40,3.716,3.094
C0184,-3.20,26.21,40,4.447,3.119
C0185,30.79,47.47,50,4.821,3.630
C0186,-49.26,17.28,10,0.867,1.576
C0187,5.16,-47.54,10,1.130,1.632
C0188,43.19,-3.48,20,2.996,2.104
C0189,8.22,32.77,10,0.655,1.628
C0190,-29.39,1.05,20,3.058,2.106
C0191,21.78,-15.59,20,1.517,2.083
C0192,-12.10,36.11,20,2.840,2.098
C0193,16.84,7.76,40,3.334,3.102
C0194,-47.07,0.44,20,2.102,2.394
C0195,13.59,-1.37,40,3.541,3.118
C0196,-46.78,18.15,30,,2.604
C0197,24.48,-4.47,20,1.515,2.099
C0198,-2.71,6.71,50,4.521,3.565
C0199,-37.82,-21.15,20,1.353,2.097
C0200,4.26,-32.81,20,1.901,2.099
C0201,-43.32,32.01,10,1.094,1.594
C0202,15.34,-18.08,20,2.268,2.089
C0203,49.61,-37.43,30,2.543,2.602
C0204,26.94,-31.57,40,3.023,3.144
C0205,7.38,-8.73,50,5.810,3.625
C0206,-39.74,-21.46,40,4.049,3.088
C0207,19.98,19.51,10,1.127,1.608
C0208,16.12,-15.01,50,3.921,3.594
C0209,-45.09,8.59,40,4.201,3.111
C0210,29.23,-33.29,20,2.457,2.103
C0211,1.87,-36.34,50,5.185,3.639
C0212,-7.41,40.63,10,0.331,1.605
C0213,28.82,36.46,10,0.406,1.560
C0214,-8.84,39.77,40,3.792,3.100
C0215,-1.90,-0.66,30,2.967,2.578
C0216,-31.84,-42.96,30,2.116,2.599
C0217,-17.87,-18.98,50,5.700,3.608
C0218,34.55,38.14,10,0.754,1.622
C0219,-31.31,-7.75,10,1.641,1.632
C0220,-8.27,-17.31,10,0.874,1.626
C0221,48.90,-20.45,40,3.981,3.089
C0222,-26.34,4.94,10,,1.584
C0223,41.68,-4.77,20,2.951,2.101
C0224,41.84,-12.51,50,5.604,3.612
C0225,-40.87,-7.70,20,1.751,2.104
C0226,-3.63,-23.33,40,,3.091
C0227,0.22,-30.82,10,1.186,1.598
C0228,-18.63,-29.82,20,2.530,2.088
C0229,-45.27,-46.17,10,1.814,1.580
C0230,-25.83,44.56,40,3.699,3.114
C0231,-40.45,45.65,50,4.926,3.606
C0232,-26.18,-39.71,10,1.246,1.616
C0233,30.78,-42.62,40,3.285,3.104
C0234,39.50,-8.37,50,4.779,3.603
C0235,-45.68,26.39,40,4.334,3.120
C0236,-19.81,32.60,10,,1.563
C0237,48.06,-47.86,30,2.172,2.583
C0238,3.95,-21.67,40,3.268,3.110
C0239,12.63,3.53,10,1.249,1.608
C0240,-49.45,-36.49,40,4.139,3.092
C0241,-1.51,47.00,30,2.900,2.582
C0242,48.83,-24.87,20,1.211,2.416
C0243,-12.48,3.14,50,3.469,3.582
C0244,-40.30,-39.03,50,6.277,3.613
C0245,-3.81,-16.11,50,4.550,3.565
C0246,46.30,-37.69,30,3.629,2.591
C0247,-15.82,41.18,50,5.657,3.612
C0248,29.89,44.99,10,0.978,1.566
C0249,29.88,4.13,10,2.082,1.607
C0250,-29.18,-15.02,30,2.671,2.621
C0251,-5.66,-17.65,20,4.080,2.258
C0252,21.56,42.37,50,5.514,3.582
C0253,-8.95,11.93,30,3.540,2.586
C0254,-30.90,-9.04,50,,3.615
C0255,46.75,27.15,20,1.970,2.390
C0256,15.08,3.53,30,3.374,2.625
C0257,36.55,-28.20,40,4.402,3.073
C0258,-47.48,-26.15,10,0.855,1.573
C0259,-23.31,-22.48,10,0.631,1.587
C0260,0.21,-48.40,40,4.915,3.080
C0261,-43.26,-24.42,10,1.641,1.592
C0262,49.30,11.13,30,3.238,2.600
C0263,-26.35,25.34,30,2.454,2.570
C0264,-12.57,-38.66,50,5.037,3.593
C0265,-28.60,47.22,50,5.364,3.604
C0266,-39.46,-1.13,10,2.419,1.586
C0267,-26.75,-43.78,10,0.935,1.596
C0268,-19.94,44.00,10,0.839,1.608
C0269,13.44,-22.83,30,4.165,2.606
C0270,-21.88,-19.03,20,0.858,2.094
C0271,-13.77,-4.07,40,3.157,3.121
C0272,-49.41,-17.56,30,4.120,2.607
C0273,-13.43,-32.23,20,1.588,2.097
C0274,3.39,-37.29,20,1.741,2.087
C0275,-33.80,0.97,10,1.511,1.611
C0276,9.74,-42.95,50,4.142,3.621
C0277,-20.68,20.98,20,1.942,2.103
C0278,13.21,-15.81,50,4.104,3.606
C0279,-47.38,49.26,10,1.952,1.601
C0280,38.76,-43.71,10,1.250,1.580
C0281,-48.39,-45.14,30,2.545,2.561
C0282,-37.30,-24.82,50,4.730,3.638
C0283,27.72,-14.84,50,4.838,3.637
C0284,-45.41,31.32,50,4.290,3.630
C0285,21.10,32.97,10,0.170,1.608
C0286,47.10,22.36,40,4.802,3.122
C0287,37.17,32.57,10,0.317,1.616
C0288,21.02,22.83,20,1.419,2.090
C0289,45.85,37.30,30,3.308,2.585
C0290,-7.02,-3.55,10,2.145,1.595
C0291,37.29,-22.36,10,-0.080,1.603
C0292,-14.40,12.95,10,1.105,1.564
C0293,42.98,-13.54,20,1.511,2.394
C0294,-35.12,-43.24,30,4.002,2.601
C0295,44.00,35.58,30,1.527,2.568
C0296,33.27,33.41,30,2.421,2.608
C0297,34.61,-0.37,40,5.439,3.102
C0298,-37.61,-3.40,10,0.656,1.633
C0299,9.65,-38.11,10,-0.041,1.586
C0300,-48.36,-37.41,20,2.634,2.391
C0301,22.12,29.78,30,3.423,2.583
C0302,-49.23,35.40,50,4.783,3.608
C0303,-41.52,-49.43,40,4.303,3.103
C0304,-27.45,28.39,10,0.682,1.586
C0305,37.51,3.60,40,4.662,3.108
C0306,-13.64,-6.26,40,5.346,3.093
C0307,4.00,-2.45,50,5.276,3.563
C0308,6.81,21.30,20,1.757,2.080
C0309,-27.45,-49.76,30,1.655,2.640
C0310,7.21,-43.73,10,0.852,1.611
C0311,16.10,34.13,40,4.834,3.094
C0312,-20.18,49.77,50,,3.584
C0313,-8.14,-25.84,10,1.778,1.599
C0314,-4.69,-9.99,20,1.766,2.244
C0315,43.24,20.19,30,2.648,2.611
C0316,8.75,16.48,10,1.472,1.597
C0317,44.83,28.37,30,4.174,2.621
C0318,5.60,41.41,10,0.236,1.578
C0319,0.06,-23.59,30,2.997,2.583
C0320,-49.65,2.71,10,,1.606
C0321,-1.91,-35.95,50,5.373,3.569
C0322,42.75,47.03,10,1.990,1.572
C0323,-30.16,25.74,50,6.040,3.618
C0324,-44.79,-31.26,20,2.493,2.395
C0325,-9.32,23.99,10,0.375,1.592
C0326,-12.76,29.88,30,4.024,2.587
C0327,35.72,-36.36,40,2.707,3.081
C0328,-47.34,-0.08,20,1.615,2.391
C0329,42.01,32.27,40,3.491,3.067
C0330,18.09,-15.28,40,4.735,3.086
C0331,40.42,-44.95,20,1.406,2.397
C0332,10.75,-15.59,50,5.253,3.603
C0333,31.20,28.20,10,1.349,1.584
C0334,-16.45,-39.96,40,3.669,3.089
C0335,-15.04,-18.98,20,3.656,2.093
C0336,-11.01,35.36,10,0.468,1.599
C0337,25.48,-33.81,30,,2.601
C0338,-13.07,-11.13,50,4.599,3.548
C0339,-25.78,5.42,20,2.186,2.090
C0340,43.77,-32.21,40,3.381,3.104
C0341,40.80,20.07,10,0.932,1.602
C0342,-15.12,28.13,30,1.846,2.624
C0343,13.46,13.46,20,1.775,2.250
C0344,-22.62,36.18,50,4.902,3.582
C0345,-29.39,-36.93,20,2.236,2.398
C0346,-16.37,-49.67,50,5.279,3.591
C0347,-17.29,-23.31,10,,1.587
C0348,38.23,34.00,30,3.640,2.584
C0349,32.23,-37.30,50,5.101,3.581
C0350,20.96,26.38,40,4.709,3.104
C0351,45.93,42.93,20,2.984,2.408
C0352,-7.75,6.08,10,1.564,1.591
C0353,-25.50,38.30,10,1.131,1.607
C0354,-38.26,-25.19,50,3.497,3.606
C0355,-19.89,22.28,40,3.966,3.101
C0356,-35.47,28.01,10,,1.616
C0357,-40.78,-1.25,10,0.908,1.620
C0358,10.29,10.28,50,5.975,3.626
C0359,-13.58,-41.11,50,4.090,3.617
C0360,6.46,-22.37,50,4.960,3.636
C0361,-30.87,-42.32,20,1.716,2.415
C0362,17.69,-26.06,30,3.170,2.595
C0363,-28.45,39.26,50,4.898,3.587
C0364,-22.20,-46.92,50,6.080,3.583
C0365,24.18,-0.32,50,4.020,3.608
C0366,5.97,2.27,20,2.517,2.237
C0367,-16.52,-21.42,20,1.929,2.120
C0368,4.30,28.16,40,4.336,3.078
C0369,19.40,8.95,10,0.849,1.559
C0370,41.21,-30.48,30,4.012,2.628
C0371,8.07,-2.88,40,4.191,3.117
C0372,-26.73,-47.66,10,0.914,1.592
C0373,24.67,-48.21,40,5.104,3.089
C0374,27.78,23.49,20,1.599,2.113
C0375,-29.96,-32.77,50,4.575,3.616
C0376,32.06,46.85,40,4.055,3.147
C0377,-3.51,-14.18,30,3.675,2.599
C0378,27.98,19.87,30,3.539,2.572
C0379,-26.25,-3.75,10,0.717,1.586
C0380,-16.74,-9.05,30,2.320,2.574
C0381,45.37,16.79,20,2.310,2.399
C0382,15.78,12.61,30,3.475,2.575
C0383,27.29,37.69,40,4.077,3.105
C0384,18.84,-41.56,30,3.222,2.624
C0385,-29.57,0.66,40,4.181,3.091
C0386,-2.93,10.77,40,4.875,3.086
C0387,30.90,14.99,50,4.139,3.612
C0388,17.50,12.55,20,2.455,2.102
C0389,-49.40,-13.22,10,2.031,1.577
C0390,-41.26,-46.89,40,4.856,3.091
C0391,-15.32,21.35,50,4.777,3.602
C0392,44.44,-45.62,30,3.203,2.608
C0393,-0.88,-2.93,30,2.227,2.615
C0394,-22.98,21.91,10,,1.613
C0395,-13.96,-22.65,20,0.937,2.100
C0396,-28.93,-47.22,20,3.294,2.416
C0397,-7.88,-40.73,40,,3.116
C0398,-28.20,-36.09,40,3.639,3.129
C0399,34.58,16.51,20,1.583,2.104
C0400,-4.37,15.35,20,2.854,2.273
C0401,-22.02,47.84,20,2.368,2.408
C0402,43.29,-17.61,10,1.433,1.595
C0403,-18.56,-36.86,10,1.197,1.597
C0404,40.97,-32.75,30,3.373,2.602
C0405,-45.66,-46.78,10,0.699,1.618
C0406,20.71,32.39,20,1.708,2.095
C0407,-1.61,-42.38,20,2.541,2.108
C0408,-5.58,39.37,40,4.213,3.130
C0409,-46.37,-45.16,10,0.340,1.623
C0410,-45.93,31.33,20,1.341,2.404
C0411,-16.72,-30.42,20,0.543,2.096
C0412,44.71,-47.69,10,1.968,1.584
C0413,11.77,20.15,50,4.203,3.593
C0414,-13.11,-49.73,30,2.581,2.623
C0415,11.20,-20.23,40,2.953,3.089
C0416,-29.39,-44.29,10,1.386,1.611
C0417,-33.49,-37.86,30,1.871,2.579
C0418,-13.82,-37.46,20,2.951,2.099
C0419,36.34,22.32,20,2.941,2.105
C0420,0.94,47.22,40,,3.137
C0421,-20.31,-25.54,50,5.728,3.557
C0422,45.03,-10.11,30,3.004,2.612
C0423,31.60,-12.56,30,2.161,2.626
C0424,-17.70,-24.32,50,4.036,3.582
C0425,47.21,21.27,20,1.886,2.409
C0426,48.74,-22.87,40,3.455,3.076
C0427,-9.13,1.44,10,1.067,1.626
C0428,15.59,-37.02,40,3.121,3.089
C0429,-9.43,34.80,20,2.824,2.089
C0430,-24.27,18.74,10,0.904,1.623
C0431,-41.73,3.88,10,0.411,1.612
C0432,-23.64,11.41,10,1.157,1.600
C0433,-22.85,-27.56,10,0.872,1.585
C0434,-10.14,34.41,10,1.665,1.613
C0435,-31.51,-37.76,30,3.688,2.591
C0436,45.38,38.12,30,3.933,2.621
C0437,-39.71,11.31,20,1.764,2.096
C0438,12.52,44.04,20,2.705,2.416
C0439,-5.83,-21.18,20,0.987,2.096
C0440,-7.65,43.54,40,4.312,3.084
C0441,-12.80,13.83,40,,3.066
C0442,36.83,-49.00,10,,1.597
C0443,-21.95,-39.71,10,0.992,1.630
C0444,-47.94,9.29,30,3.178,2.611
C0445,41.81,-40.49,10,0.695,1.614
C0446,36.45,24.79,30,,2.599
C0447,-22.31,17.20,20,2.377,2.096
C0448,2.35,-31.27,40,4.419,3.144
C0449,-39.09,13.69,40,4.008,3.125
C0450,-40.66,6.67,30,2.609,2.588
C0451,33.75,-25.37,50,6.345,3.633
C0452,-8.97,20.76,30,2.608,2.605
C0453,16.17,-24.87,30,1.860,2.606
C0454,44.32,36.47,50,4.204,3.601
C0455,-25.49,-10.38,30,,2.590
C0456,-48.68,-0.47,20,2.830,2.392
C0457,-47.59,16.13,50,3.372,3.585
C0458,20.94,38.30,20,1.598,2.109
C0459,42.46,-4.38,50,5.051,3.601
C0460,-3.27,15.49,50,5.574,3.590
C0461,-12.49,9.68,40,3.935,3.108
C0462,4.29,-42.78,20,3.134,2.102
C0463,35.89,13.29,20,2.468,2.121
C0464,15.22,-45.36,30,3.500,2.651
C0465,-26.70,0.56,30,2.914,2.617
C0466,27.46,-39.35,20,2.179,2.414
C0467,-36.54,10.87,50,5.215,3.593
C0468,-33.44,22.10,10,1.058,1.601
C0469,11.27,28.58,30,,2.585
C0470,-26.12,9.00,40,4.211,3.112
C0471,20.48,48.93,30,,2.587
C0472,-15.05,-14.01,50,5.834,3.627
C0473,-22.26,-48.87,30,3.008,2.650
C0474,49.89,31.84,10,0.649,1.590
C0475,-45.94,-4.77,40,3.858,3.102
C0476,14.58,4.26,10,1.760,1.598
C0477,-46.13,34.70,20,1.467,2.407
C0478,26.02,-23.80,40,3.329,3.102
C0479,-26.99,-17.33,40,,3.140
C0480,-41.02,-40.33,50,5.137,3.603
C0481,14.84,18.18,20,1.587,2.131
C0482,23.26,-28.70,10,-0.227,1.605
C0483,17.81,35.32,20,0.425,2.115
C0484,-44.81,11.03,40,4.248,3.079
C0485,-20.57,41.14,20,3.035,2.406
C0486,-4.89,-43.90,10,1.317,1.611
C0487,-21.29,49.17,20,,2.405
C0488,31.05,-10.22,50,6.537,3.573
C0489,-36.89,4.57,20,1.938,2.101
C0490,11.22,14.37,20,1.765,2.248
C0491,48.82,-1.47,30,1.904,2.591
C0492,40.26,2.79,30,3.826,2.633
C0493,-27.78,-8.28,30,2.256,2.608
C0494,-49.99,-31.31,40,4.828,3.064
C0495,48.06,46.94,40,4.094,3.100
C0496,38.27,30.11,10,1.160,1.586
C0497,41.95,9.79,10,1.618,1.602
C0498,-8.45,-44.34,40,2.750,3.117
C0499,24.46,39.47,10,1.970,1.562
C0500,-28.72,-42.26,10,1.388,1.578
C0501,-10.77,28.22,20,2.545,2.089
C0502,35.15,-44.12,40,2.901,3.110
C0503,-37.24,26.13,40,3.444,3.129
C0504,39.39,34.46,40,5.195,3.125
C0505,-0.35,-5.03,10,0.805,1.573
C0506,-7.39,5.46,50,5.786,3.609
C0507,-19.44,33.76,50,3.748,3.607
C0508,41.68,47.07,50,4.243,3.597
C0509,1.76,-48.22,40,4.450,3.113
C0510,30.40,-37.02,20,3.206,2.404
C0511,35.77,36.41,30,3.607,2.594
C0512,42.24,17.85,10,0.023,1.626
C0513,-19.66,-22.76,30,3.439,2.613
C0514,-16.02,-5.49,10,0.923,1.549
C0515,9.51,-38.88,40,4.090,3.101
C0516,-5.87,-47.13,30,3.524,2.579
C0517,43.28,23.20,20,2.033,2.409
C0518,-10.24,22.41,40,4.385,3.119
C0519,-2.22,19.43,50,4.954,3.595
C0520,11.72,38.45,30,3.491,2.620
C0521,-9.53,-21.34,20,1.844,2.092
C0522,49.25,-7.64,40,3.661,3.118
C0523,-40.11,-24.94,40,5.095,3.107
C0524,-27.94,12.53,10,0.357,1.615
C0525,-17.73,13.70,20,2.300,2.103
C0526,-35.23,-9.22,50,5.175,3.607
C0527,-21.58,43.51,50,5.521,3.584
C0528,27.92,-1.15,40,3.737,3.091
C0529,2.29,41.76,10,0.653,1.594
C0530,-46.60,23.05,20,1.242,2.408
C0531,48.26,43.87,10,1.184,1.591
C0532,11.60,25.77,40,4.890,3.101
C0533,-44.11,-27.53,20,3.091,2.418
C0534,16.12,18.97,40,2.246,3.084
C0535,-12.16,-26.16,30,3.781,2.593
C0536,-36.43,-20.94,50,5.340,3.603
C0537,6.37,-27.86,10,1.407,1.627
C0538,22.71,-0.36,20,3.055,2.094
C0539,17.11,-6.60,30,3.510,2.623
C0540,-25.25,40.71,30,2.200,2.578
C0541,2.49,9.31,20,2.052,2.238
C0542,3.77,-14.02,40,3.658,3.107
C0543,21.68,12.34,40,3.447,3.111
C0544,-14.01,-15.85,40,3.487,3.081
C0545,29.77,33.63,40,4.285,3.078
C0546,12.79,-41.09,30,3.654,2.638
C0547,-46.17,-28.13,40,4.043,3.103
C0548,4.65,-40.59,20,2.452,2.109
C0549,36.19,36.72,30,3.642,2.611
C0550,6.76,-22.79,40,4.483,3.127
C0551,-32.42,49.47,40,3.437,3.125
C0552,1.04,-34.81,20,1.981,2.102
C0553,25.69,-17.58,30,2.436,2.586
C0554,-38.99,39.33,30,4.133,2.584
C0555,31.71,13.54,30,3.377,2.606
C0556,-33.25,-0.52,10,2.371,1.599
C0557,3.41,-33.62,30,4.407,2.576
C0558,-11.43,29.09,50,5.763,3.586
C0559,-25.14,-16.70,30,2.789,2.588
C0560,14.74,25.31,50,4.791,3.573
C0561,-46.26,8.28,30,2.224,2.626
C0562,26.00,11.67,20,1.379,2.102
C0563,2.69,-17.47,50,4.436,3.592
C0564,37.58,-42.50,10,1.844,1.628
C0565,2.07,9.53,30,2.217,2.572
C0566,-46.50,24.35,20,1.856,2.394
C0567,-35.64,7.61,30,3.462,2.629
C0568,29.56,10.12,50,5.763,3.615
C0569,-0.80,19.74,40,3.314,3.144
C0570,-5.81,-45.52,20,1.476,2.388
C0571,-18.16,-27.63,50,5.090,3.593
C0572,-21.55,11.39,10,1.175,1.601
C0573,46.59,-36.44,10,0.787,1.604
C0574,-6.70,-22.97,30,2.577,2.584
C0575,38.40,-45.50,20,1.925,2.384
C0576,14.82,-28.47,20,2.265,2.108
C0577,35.84,-48.84,50,4.193,3.589
C0578,35.24,31.83,50,5.182,3.571
C0579,45.63,8.78,10,0.538,1.630
C0580,19.79,4.67,20,1.927,2.082
C0581,30.54,-49.44,10,0.421,1.593
C0582,23.31,35.01,40,3.997,3.071
C0583,10.52,-49.99,20,1.258,2.391
C0584,21.74,28.73,20,2.663,2.090
C0585,21.58,-28.10,20,2.710,2.105
C0586,-45.91,32.02,10,-0.216,1.601
C0587,1.61,-37.09,40,3.654,3.122
C0588,29.27,4.73,30,2.023,2.619
C0589,-25.70,-47.05,30,2.415,2.596
C0590,-3.49,5.47,10,0.958,1.618
C0591,-6.50,-36.70,50,5.027,3.606
C0592,-9.72,30.61,20,1.599,2.096
C0593,-37.82,-26.38,20,1.693,2.402
C0594,2.57,-38.41,50,4.768,3.598
C0595,-5.38,-46.96,20,1.794,2.398
C0596,16.34,7.41,50,4.764,3.602
C0597,4.94,16.20,30,2.978,2.600
C0598,-47.25,39.48,10,0.726,1.660
C0599,-46.81,-43.82,50,4.670,3.593
C0600,20.14,-10.81,50,5.056,3.618
C0601,20.76,-33.69,10,1.417,1.586
C0602,45.99,0.22,50,5.875,3.606
C0603,37.67,-26.16,30,3.229,2.579
C0604,-3.19,-8.90,50,4.658,3.614
C0605,12.59,-13.14,50,5.151,3.590
C0606,-4.28,19.00,10,-0.074,1.590
C0607,-27.71,24.19,40,2.806,3.096
C0608,-12.33,-7.53,40,4.319,3.083
C0609,-39.61,-25.60,10,0.912,1.644
C0610,16.65,29.47,40,3.451,3.129
C0611,-30.80,34.80,40,3.721,3.124
C0612,-2.45,4.00,10,0.205,1.632
C0613,46.74,-25.04,10,1.143,1.598
C0614,-46.83,28.39,50,5.869,3.629
C0615,-34.83,-14.40,10,1.982,1.595
C0616,-20.14,41.87,10,1.784,1.575
C0617,44.18,-23.33,20,2.624,2.394
C0618,40.88,44.03,50,5.250,3.654
C0619,-33.80,-7.21,10,1.706,1.593
C0620,48.11,25.33,10,0.689,1.590
C0621,25.07,-29.11,50,4.432,3.572
C0622,4.00,12.48,50,5.024,3.630
C0623,43.17,8.22,50,4.415,3.597
C0624,38.06,-7.97,10,0.609,1.611
C0625,-10.87,23.54,10,1.100,1.603
C0626,15.63,31.80,30,4.411,2.608
C0627,14.74,22.73,50,5.354,3.613
C0628,-17.30,31.31,30,2.688,2.605
C0629,-32.06,24.52,20,2.013,2.092
C0630,-3.32,-35.04,30,,2.596
C0631,-23.67,27.24,50,5.229,3.602
C0632,-14.49,-30.93,50,5.783,3.608
C0633,45.41,-40.08,50,5.127,3.602
C0634,-3.89,40.16,50,4.191,3.575
C0635,18.49,9.82,10,0.264,1.603
C0636,-16.38,-32.35,40,4.021,3.119
C0637,49.59,13.62,10,-0.265,1.586
C0638,15.88,-16.72,50,5.219,3.577
C0639,-30.40,-35.85,20,1.943,2.410
C0640,-40.18,29.95,10,0.794,1.592
C0641,44.32,-39.00,50,4.769,3.573
C0642,44.48,46.25,10,2.267,1.592
C0643,12.13,27.19,10,1.541,1.594
C0644,-48.30,21.22,40,3.418,3.099
C0645,-27.45,-26.09,20,0.524,2.084
C0646,30.13,25.96,40,3.434,3.115
C0647,37.55,-47.75,50,,3.594
C0648,-4.60,5.39,40,3.352,3.087
C0649,-13.45,-18.93,10,0.462,1.610
C0650,-22.58,33.23,20,2.488,2.104
C0651,-38.30,26.13,30,2.308,2.625
C0652,-38.43,-1.22,40,4.514,3.086
C0653,45.26,-2.76,40,4.043,3.104
C0654,30.86,-42.68,10,0.932,1.617
C0655,-33.52,-26.53,30,2.252,2.619
C0656,-29.29,20.72,40,4.158,3.091
C0657,15.56,-43.44,10,1.470,1.610
C0658,26.47,28.73,40,2.026,3.104
C0659,31.03,47.96,10,1.381,1.599
C0660,-33.67,-42.09,10,2.341,1.614
C0661,48.41,-4.21,20,1.950,2.381
C0662,-27.22,7.90,40,2.983,3.080
C0663,8.94,31.29,40,4.416,3.079
C0664,8.76,-34.99,10,0.764,1.604
C0665,46.74,-13.99,40,4.233,3.115
C0666,15.77,33.56,50,4.008,3.632
C0667,8.49,1.82,50,4.438,3.631
C0668,1.88,-33.65,30,3.637,2.601
C0669,26.47,36.94,50,5.053,3.611
C0670,-39.39,43.61,40,3.653,3.109
C0671,-49.79,23.97,10,0.817,1.574
C0672,45.25,47.37,10,1.136,1.651
C0673,-0.13,42.65,30,2.597,2.597
C0674,-17.17,-37.86,40,,3.126
C0675,-13.19,-9.07,40,4.404,3.127
C0676,30.38,9.69,30,2.555,2.601
C0677,-11.76,23.24,10,0.577,1.605
C0678,27.02,3.51,50,4.962,3.571
C0679,-5.95,14.92,20,2.101,2.244
C0680,34.41,-38.32,40,3.912,3.092
C0681,-42.38,-9.37,20,2.322,2.105
C0682,-1.89,-49.31,10,1.535,1.569
C0683,-3.32,15.18,40,5.015,3.099
C0684,-23.57,-33.55,40,4.351,3.103
C0685,44.36,-9.60,20,1.733,2.376
C0686,40.50,-0.14,30,1.942,2.582
C0687,-5.64,16.64,10,0.856,1.553
C0688,-40.28,26.32,30,2.437,2.598
C0689,-29.32,21.51,10,1.956,1.606
C0690,-22.85,6.78,30,2.199,2.582
C0691,-1.58,2.88,30,2.169,2.595
C0692,-16.16,35.69,30,2.597,2.599
C0693,27.41,36.68,50,3.763,3.618
C0694,-2.40,-43.81,20,0.761,2.094
C0695,37.04,-22.99,20,1.965,2.091
C0696,49.58,42.17,20,1.537,2.405
C0697,-28.02,9.27,10,1.222,1.594
C0698,11.17,-36.53,10,1.541,1.624
C0699,34.75,-42.89,10,1.613,1.617
C0700,44.52,-40.56,40,3.168,3.067
C0701,-20.99,26.98,50,4.816,3.585
C0702,22.70,-27.80,40,4.186,3.067
C0703,-48.50,-25.70,20,1.079,2.414
C0704,37.91,-36.94,30,2.871,2.591
C0705,-43.61,9.97,50,4.767,3.639
C0706,23.34,1.39,40,3.338,3.106
C0707,49.46,-21.85,40,4.349,3.126
C0708,0.12,15.81,40,4.586,3.111
C0709,-29.07,27.78,40,4.469,3.076
C0710,9.46,47.96,20,1.321,2.406
C0711,12.41,-2.13,40,2.823,3.126
C0712,16.81,-8.70,10,1.042,1.605
C0713,-32.74,-20.78,40,4.740,3.104
C0714,39.87,28.46,10,0.453,1.615
C0715,12.10,47.22,30,3.121,2.580
C0716,-45.64,10.04,50,5.090,3.622
C0717,18.40,14.23,40,3.613,3.128
C0718,-30.39,18.91,30,3.220,2.597
C0719,-47.27,-7.67,50,5.228,3.616
C0720,5.10,-27.97,40,3.243,3.103
C0721,31.33,-24.39,30,2.657,2.593
C0722,35.99,11.72,10,0.635,1.601
C0723,-39.65,13.76,40,5.131,3.101
C0724,16.30,-3.81,30,3.352,2.588
C0725,21.01,-45.67,30,2.482,2.574
C0726,-20.55,37.72,20,1.215,2.114
C0727,47.14,-25.57,40,5.462,3.130
C0728,-22.13,8.10,40,3.834,3.080
C0729,-43.00,23.87,30,4.501,2.595
C0730,1.93,-31.57,50,4.932,3.626
C0731,19.43,-2.67,40,1.864,3.101
C0732,-25.53,-49.87,40,2.041,3.123
C0733,-16.14,-45.26,40,,3.116
C0734,6.36,-24.95,20,0.956,2.076
C0735,38.67,15.87,30,2.985,2.584
C0736,24.73,38.67,10,0.829,1.600
C0737,-29.04,-7.55,30,3.094,2.588
C0738,-24.82,-47.50,10,1.895,1.588
C0739,2.39,-20.73,20,0.326,2.096
C0740,26.90,45.70,20,,2.399
C0741,11.88,-38.88,40,3.418,3.075
C0742,0.13,25.57,30,3.002,2.647
C0743,9.71,24.73,10,1.595,1.597
C0744,25.61,8.99,30,3.499,2.590
C0745,3.71,43.09,20,2.337,2.085
C0746,39.78,14.22,50,5.343,3.620
C0747,44.71,46.65,30,3.233,2.604
C0748,41.54,32.61,20,2.829,2.403
C0749,25.45,29.40,20,3.305,2.086
C0750,-25.37,45.11,50,4.268,3.558
C0751,-11.47,11.70,50,4.747,3.613
C0752,-22.00,-17.77,10,1.709,1.565
C0753,15.77,-39.63,40,3.373,3.077
C0754,-17.58,19.43,20,2.568,2.094
C0755,25.44,2.33,10,0.344,1.614
C0756,-38.65,-11.46,50,5.244,3.609
C0757,27.54,44.97,30,3.702,2.572
C0758,8.59,41.24,30,4.210,2.594
C0759,33.54,-12.21,40,3.877,3.127
C0760,-6.91,44.55,10,0.831,1.606
C0761,12.50,-6.80,30,4.120,2.584
C0762,5.44,-29.39,50,5.443,3.589
C0763,47.57,12.07,10,0.212,1.609
C0764,25.55,-40.58,20,1.762,2.407
C0765,4.48,-34.73,50,5.463,3.625
C0766,-32.60,31.43,10,0.454,1.605
C0767,40.41,31.91,50,3.198,3.582
C0768,-29.42,-25.94,50,5.573,3.621
C0769,15.00,24.69,50,5.261,3.616
C0770,43.65,47.36,10,0.339,1.639
C0771,-27.64,45.78,10,1.598,1.621
C0772,-27.41,-5.55,20,2.123,2.111
C0773,35.18,36.39,30,3.745,2.617
C0774,32.77,5.71,40,4.354,3.082
C0775,-14.83,6.48,10,0.081,1.596
C0776,-23.49,-26.07,40,4.670,3.117
C0777,-37.26,-11.58,20,1.827,2.089
C0778,48.79,-28.51,40,3.732,3.095
C0779,33.53,24.25,50,5.278,3.589
C0780,39.94,14.06,40,3.146,3.090
C0781,1.37,30.45,20,2.176,2.095
C0782,-38.56,11.99,30,3.851,2.581
C0783,-44.74,-22.28,10,-0.171,1.578
C0784,-16.94,45.25,10,0.585,1.581
C0785,42.03,15.07,40,2.608,3.128
C0786,44.76,-2.37,30,,2.591
C0787,34.12,27.76,40,3.186,3.107
C0788,-34.13,-24.54,40,4.515,3.118
C0789,-8.01,31.08,30,3.125,2.593
C0790,-25.38,-16.17,50,,3.630
C0791,-29.47,-42.53,40,3.881,3.089
C0792,18.48,28.29,20,,2.097
C0793,-1.39,-30.90,30,3.150,2.623
C0794,-17.51,14.43,20,1.932,2.093
C0795,-39.98,-23.02,30,2.532,2.615
C0796,4.48,18.54,30,2.862,2.611
C0797,-15.30,-37.39,30,3.139,2.588
C0798,-10.89,12.39,20,2.240,2.249
C0799,-18.95,-30.80,10,0.512,1.598
C0800,-11.28,0.34,50,5.084,3.597
C0801,5.59,37.27,20,2.239,2.094
C0802,-48.59,-2.46,40,3.912,3.102
C0803,34.76,27.21,20,1.585,2.106
C0804,42.19,-35.36,10,1.547,1.602
C0805,5.05,15.72,10,1.047,1.564
C0806,-23.20,-34.80,40,3.809,3.083
C0807,49.02,26.86,30,3.448,2.609
C0808,-11.68,21.41,50,5.434,3.582
C0809,19.37,-9.76,10,2.658,1.613
C0810,19.00,-3.00,50,4.226,3.556
C0811,-6.57,-33.16,10,0.221,1.631
C0812,-30.08,13.55,50,5.094,3.603
C0813,46.66,41.27,40,5.663,3.122
C0814,-43.63,6.04,50,3.993,3.627
C0815,-1.49,-18.48,30,2.948,2.613
C0816,-27.93,-9.06,10,0.631,1.541
C0817,-20.60,-28.17,20,2.556,2.097
C0818,32.85,-5.82,30,2.479,2.600
C0819,-13.27,-0.49,40,3.906,3.103
C0820,-41.67,44.07,50,4.353,3.607
C0821,-30.37,-7.01,30,3.645,2.566
C0822,36.04,36.23,20,1.451,2.401
C0823,47.70,-33.32,50,5.081,3.540
C0824,-23.20,4.52,50,4.682,3.599
C0825,17.54,9.08,40,3.097,3.134
C0826,-41.88,9.37,20,2.422,2.099
C0827,22.35,0.22,40,3.547,3.109
C0828,-8.36,26.71,10,,1.618
C0829,41.82,-32.71,40,5.237,3.073
C0830,-18.85,-43.19,40,4.338,3.105
C0831,44.15,-35.73,10,,1.616
C0832,0.32,6.32,50,6.308,3.600
C0833,-15.11,-25.03,10,2.017,1.588
C0834,14.70,23.85,40,3.021,3.111
C0835,-25.03,-43.71,30,3.261,2.581
C0836,-27.02,40.90,50,4.199,3.630
C0837,-30.37,45.17,40,3.188,3.098
C0838,45.99,28.57,50,4.712,3.640
C0839,-0.71,37.80,50,5.368,3.617
C0840,25.16,-12.17,30,3.255,2.584
C0841,-2.60,-34.04,30,2.751,2.615
C0842,8.75,-30.01,10,1.716,1.592
C0843,8.41,0.13,30,2.272,2.586
C0844,47.99,16.14,50,6.130,3.593
C0845,16.84,6.88,10,1.396,1.606
C0846,-26.02,-39.51,40,4.907,3.065
C0847,-48.48,22.72,30,4.456,2.611
C0848,-28.13,28.90,40,4.381,3.086
C0849,-4.45,-47.05,40,3.529,3.133
C0850,-10.66,-4.11,50,4.365,3.635
C0851,31.23,-6.22,20,0.802,2.119
C0852,28.56,-43.28,40,3.208,3.125
C0853,-41.09,-32.32,50,6.146,3.560
C0854,45.20,31.50,50,4.347,3.645
C0855,2.75,8.46,40,5.960,3.108
C0856,9.64,-28.11,10,1.263,1.636
C0857,-9.49,-4.16,30,3.397,2.652
C0858,14.95,35.46,50,5.752,3.606
C0859,37.13,-39.77,50,5.694,3.567
C0860,17.39,45.55,50,5.712,3.598
C0861,47.01,-35.86,50,5.287,3.617
C0862,20.11,-20.93,10,0.396,1.597
C0863,32.17,-31.85,50,4.086,3.583
C0864,-45.50,-3.04,40,4.027,3.128
C0865,17.27,-18.94,10,0.324,1.604
C0866,15.48,48.85,30,3.418,2.596
C0867,-39.83,-48.46,10,,1.601
C0868,34.24,-17.85,20,1.715,2.119
C0869,11.42,9.47,40,,3.119
C0870,-40.17,-16.00,50,5.227,3.625
C0871,9.45,-4.42,30,2.237,2.620
C0872,-2.16,-7.48,50,5.987,3.591
C0873,-26.67,-41.38,40,5.285,3.122
C0874,-48.02,14.91,30,3.132,2.594
C0875,-13.44,33.40,50,4.791,3.610
C0876,11.99,2.78,20,2.030,2.255
C0877,-17.07,-35.04,10,1.694,1.580
C0878,-19.27,-1.87,50,4.135,3.606
C0879,25.11,-48.59,20,1.914,2.392
C0880,25.86,40.75,50,5.176,3.621
C0881,21.88,-25.94,10,0.341,1.639
C0882,-39.88,40.24,40,3.868,3.148
C0883,1.62,8.41,10,0.242,1.596
C0884,5.78,48.33,50,5.445,3.576
C0885,24.48,34.93,40,2.747,3.108
C0886,40.32,-48.89,10,1.247,1.597
C0887,-13.10,-48.49,50,5.485,3.597
C0888,-7.13,24.34,10,2.575,1.603
C0889,23.28,1.68,40,4.207,3.101
C0890,16.26,25.54,40,5.121,3.082
C0891,5.79,8.97,50,5.249,3.589
C0892,-14.99,-26.77,40,4.345,3.133
C0893,-30.46,28.66,40,2.463,3.096
C0894,-31.62,-46.90,10,,1.598
C0895,-41.84,30.65,40,5.019,3.143
C0896,-41.88,16.51,10,0.399,1.597
C0897,34.58,17.33,30,3.587,2.601
C0898,-11.63,-45.61,20,0.651,2.409
C0899,-43.93,-29.02,30,4.098,2.633
C0900,39.64,-1.11,50,4.127,3.633
C0901,-27.67,-5.79,50,5.027,3.575
C0902,-23.19,-47.35,10,1.431,1.601
C0903,-30.55,-16.42,40,4.108,3.106
C0904,46.75,46.75,30,,2.596
C0905,-38.75,-19.34,40,4.404,3.122
C0906,22.22,13.28,40,4.839,3.099
C0907,43.21,18.17,20,2.135,2.383
C0908,16.80,12.37,50,4.429,3.610
C0909,35.87,-21.03,50,4.415,3.603
C0910,-25.76,7.17,30,4.443,2.564
C0911,17.39,20.41,20,,2.090
C0912,20.09,-11.67,40,3.883,3.082
C0913,-4.17,-21.97,40,3.379,3.105
C0914,37.05,-22.50,10,2.044,1.598
C0915,19.44,41.81,20,2.971,2.403
C0916,39.49,14.45,10,,1.604
C0917,25.32,25.24,50,5.309,3.600
C0918,2.03,6.78,50,6.513,3.576
C0919,-0.13,13.05,20,2.868,2.255
C0920,-4.63,-22.35,20,2.008,2.108
C0921,-47.84,39.28,50,4.511,3.603
C0922,3.51,0.12,50,4.766,3.600
C0923,-7.70,30.54,50,5.052,3.616
C0924,-34.25,1.80,50,3.726,3.598
C0925,-38.09,-38.37,30,3.273,2.603
C0926,-5.06,-38.82,50,,3.607
C0927,-46.01,-3.59,50,4.220,3.621
C0928,48.66,-7.01,40,4.181,3.128
C0929,-12.19,41.33,30,4.551,2.586
C0930,-11.79,-36.83,40,4.871,3.125
C0931,-44.89,18.66,30,3.457,2.594
C0932,-7.33,41.81,10,1.652,1.615
C0933,-48.43,-8.89,30,3.278,2.588
C0934,-46.99,38.50,20,2.423,2.403
C0935,-16.09,-35.57,30,1.567,2.621
C0936,32.10,-39.47,10,1.376,1.638
C0937,-4.12,-26.66,30,3.022,2.595
C0938,-48.52,2.12,30,3.006,2.626
C0939,-33.68,14.64,20,2.756,2.095
C0940,23.99,27.13,30,3.391,2.608
C0941,23.83,26.66,50,6.288,3.602
C0942,25.45,-38.81,30,3.244,2.598
C0943,-14.83,37.40,50,5.470,3.598
C0944,-14.77,-38.77,40,3.104,3.079
C0945,30.21,39.78,10,-0.129,1.626
C0946,-10.19,45.76,50,4.446,3.587
C0947,22.72,8.41,50,5.639,3.627
C0948,8.11,19.39,10,1.847,1.589
C0949,-13.57,-13.03,40,4.230,3.090
C0950,-42.00,5.07,40,4.058,3.115
C0951,-38.39,33.21,50,4.304,3.622
C0952,38.96,-34.05,20,3.200,2.396
C0953,-4.77,0.17,10,1.369,1.572
C0954,49.40,-9.08,40,,3.086
C0955,-13.61,36.64,40,4.628,3.133
C0956,-25.00,-36.90,50,4.865,3.581
C0957,-14.95,39.18,20,1.624,2.121
C0958,-15.69,-24.97,20,1.872,2.116
C0959,13.74,10.57,30,,2.588
C0960,-48.73,-12.01,20,2.991,2.408
C0961,26.33,43.27,30,2.838,2.617
C0962,-8.36,-30.25,30,4.559,2.571
C0963,-6.78,0.25,50,5.000,3.601
C0964,-1.89,-27.17,30,3.087,2.578
C0965,-5.08,30.12,20,1.605,2.083
C0966,-0.25,-22.89,50,6.110,3.602
C0967,-15.41,45.35,20,1.758,2.404
C0968,-4.67,42.44,50,4.887,3.581
C0969,-9.53,-2.48,20,1.482,2.253
C0970,1.82,-48.71,40,5.004,3.104
C0971,12.33,46.54,20,2.121,2.391
C0972,-25.90,18.60,40,2.689,3.100
C0973,0.84,-0.80,10,0.748,1.610
C0974,9.46,10.41,40,3.519,3.097
C0975,-48.31,-38.90,50,4.604,3.616
C0976,2.05,-34.25,10,0.416,1.558
C0977,-26.07,13.89,40,4.144,3.080
C0978,-9.55,-45.10,50,5.176,3.615
C0979,32.65,20.23,40,4.632,3.129
C0980,-17.38,41.98,50,6.176,3.578
C0981,-1.68,20.90,40,4.249,3.139
C0982,-47.53,6.06,30,2.642,2.628
C0983,-19.12,29.42,40,3.693,3.119
C0984,13.97,24.85,20,2.013,2.111
C0985,-18.48,9.07,40,4.662,3.092
C0986,-29.42,-30.30,40,4.194,3.090
C0987,-20.93,-49.22,40,3.491,3.135
C0988,45.44,-4.27,40,4.165,3.111
C0989,-41.32,-25.90,40,4.131,3.119
C0990,-3.66,-27.29,10,0.317,1.628
C0991,-44.16,0.67,20,2.083,2.096
C0992,3.87,-12.46,50,,3.591
C0993,-35.40,0.41,10,0.878,1.597
C0994,13.41,-23.07,30,4.260,2.611
C0995,-23.56,11.01,30,4.062,2.592
C0996,19.09,12.20,30,3.348,2.589
C0997,-15.29,-29.11,10,0.903,1.623
C0998,-49.58,6.75,10,1.017,1.577
C0999,-20.51,-5.48,30,3.090,2.587
C1000,-41.81,46.94,50,5.302,3.602
C1001,-0.50,22.18,20,1.245,2.117
C1002,-21.11,-31.81,30,3.504,2.603
C1003,14.00,38.20,50,5.761,3.581
C1004,-0.01,-2.30,30,2.329,2.564
C1005,-46.40,34.69,40,4.358,3.066
C1006,-18.14,33.09,40,4.279,3.111
C1007,-1.09,-48.26,50,5.672,3.590
C1008,7.22,-26.63,30,3.427,2.582
C1009,-39.51,41.11,50,5.558,3.592
C1010,15.00,26.97,10,0.758,1.587
C1011,-15.63,-36.47,50,4.315,3.567
C1012,-31.71,-28.77,30,2.682,2.611
C1013,30.53,11.86,40,3.808,3.104
C1014,-43.14,-22.13,20,1.782,2.380
C1015,42.98,-29.57,50,4.864,3.613
C1016,20.63,48.34,50,4.521,3.572
C1017,-2.44,-4.14,40,3.972,3.080
C1018,-48.88,1.94,50,5.158,3.621
C1019,-10.99,15.22,40,4.108,3.107
C1020,14.58,-42.43,30,3.431,2.605
C1021,35.89,-10.35,40,2.444,3.060
C1022,11.78,40.54,10,2.094,1.596
C1023,-10.23,44.32,10,0.403,1.620
C1024,-5.26,-0.47,10,2.366,1.570
C1025,37.33,39.22,30,3.088,2.617
C1026,-14.86,-0.10,30,2.952,2.605
C1027,-43.48,48.56,50,4.304,3.564
C1028,-5.73,28.72,40,3.235,3.103
C1029,49.85,33.03,40,4.508,3.085
C1030,-12.02,-31.36,10,1.489,1.589
C1031,-30.69,-49.55,40,3.576,3.108
C1032,-45.49,0.50,40,3.774,3.079
C1033,-32.90,48.28,20,0.399,2.395
C1034,-17.59,46.73,10,1.336,1.593
C1035,7.43,11.42,40,5.009,3.078
C1036,16.56,-31.53,50,3.959,3.574
C1037,-45.72,-49.10,30,3.072,2.612
C1038,43.62,-0.35,40,2.576,3.098
C1039,-26.44,-19.81,30,3.071,2.609
C1040,-35.09,-16.32,10,1.644,1.630
C1041,3.08,33.33,50,5.340,3.610
C1042,17.76,-41.07,40,4.065,3.120
C1043,-19.27,-40.93,20,1.628,2.402
C1044,16.94,-5.74,20,1.743,2.254
C1045,-20.57,-8.66,10,1.607,1.596
C1046,40.22,-43.61,20,1.977,2.398
C1047,38.07,4.55,30,4.140,2.584
C1048,-42.88,-6.80,20,-0.080,2.108
C1049,-34.96,49.31,50,5.491,3.611
C1050,19.81,-43.39,30,2.939,2.600
C1051,-49.99,-38.26,30,1.694,2.622
C1052,32.18,-34.16,50,4.845,3.619
C1053,-14.38,-17.51,50,4.819,3.587
C1054,24.46,16.45,50,4.460,3.614
C1055,-45.58,46.65,50,5.520,3.565
C1056,-29.07,40.77,50,4.522,3.591
C1057,-42.92,-5.79,50,4.759,3.606
C1058,-32.02,-42.91,40,5.164,3.093
C1059,-11.56,14.49,40,,3.115
C1060,-0.84,-8.23,30,2.953,2.608
C1061,41.61,-47.67,10,2.311,1.606
C1062,12.72,31.74,20,2.347,2.118
C1063,20.65,2.93,30,3.442,2.597
C1064,-41.79,-6.21,40,3.942,3.131
C1065,-21.32,22.36,50,4.541,3.618
C1066,49.17,35.82,50,4.068,3.627
C1067,6.04,43.22,10,1.935,1.615
C1068,28.78,-16.84,10,2.131,1.563
C1069,-46.75,-31.62,20,1.751,2.407
C1070,-41.59,-16.97,50,5.596,3.605
C1071,-39.08,47.63,40,3.584,3.104
C1072,-48.47,-40.15,20,2.021,2.410
C1073,42.20,45.03,40,2.517,3.145
C1074,-24.64,11.85,20,1.435,2.097
C1075,49.66,-49.03,50,3.509,3.590
C1076,23.81,35.91,40,2.988,3.070
C1077,-24.94,18.12,30,,2.572
C1078,49.18,-35.54,20,1.280,2.409
C1079,36.85,-15.86,30,2.817,2.582
C1080,-33.50,37.29,20,2.057,2.392
C1081,-31.47,22.86,20,2.969,2.100
C1082,18.02,-18.13,40,3.337,3.113
C1083,-42.17,29.42,40,3.240,3.100
C1084,8.45,-24.52,10,0.915,1.593
C1085,-43.34,4.94,20,1.744,2.107
C1086,-27.87,43.36,30,3.606,2.616
C1087,44.84,-6.38,10,0.084,1.607
C1088,-0.14,5.62,20,1.245,2.251
C1089,7.37,27.62,30,1.811,2.596
C1090,-23.03,-29.63,10,1.508,1.581
C1091,-5.99,-5.09,50,5.486,3.610
C1092,-36.70,42.01,40,5.172,3.106
C1093,1.66,15.18,50,4.328,3.577
C1094,-44.60,20.14,20,1.381,2.395
C1095,-45.18,46.22,30,,2.612
C1096,17.96,8.89,30,3.252,2.588
C1097,-44.50,37.05,50,3.969,3.624
C1098,2.13,49.24,40,2.046,3.105
C1099,-23.40,17.63,30,3.257,2.574
C1100,-31.23,18.48,30,3.257,2.603
C1101,7.33,-31.90,40,2.906,3.121
C1102,-20.35,-3.69,10,1.063,1.606
C1103,-4.36,23.78,50,4.583,3.586
C1104,-36.10,-15.74,40,2.871,3.100
C1105,-37.35,-38.32,30,3.679,2.603
C1106,-39.35,-47.91,50,5.052,3.581
C1107,-42.84,16.87,50,5.650,3.543
C1108,5.37,-46.67,10,1.709,1.650
C1109,25.60,-1.17,50,6.124,3.603
C1110,29.24,38.27,40,3.851,3.107
C1111,45.78,32.40,10,1.877,1.590
C1112,-33.16,21.94,50,5.973,3.600
C1113,-36.44,35.98,30,3.624,2.627
C1114,-3.00,24.84,40,3.581,3.110
C1115,36.10,-48.18,50,3.996,3.574
C1116,26.71,-2.88,20,1.946,2.087
C1117,5.82,-48.53,30,3.343,2.599
C1118,-34.32,5.51,50,5.302,3.592
C1119,-10.87,-26.38,20,3.020,2.104
C1120,21.93,-5.89,40,5.421,3.090
C1121,-12.66,-29.60,50,4.929,3.596
C1122,-46.09,31.93,20,2.868,2.412
C1123,8.39,-31.57,40,3.839,3.107
C1124,22.01,-17.36,20,1.988,2.106
C1125,21.48,-48.48,40,5.362,3.110
C1126,-33.51,-19.04,10,1.848,1.641
C1127,-16.40,-47.38,40,4.353,3.080
C1128,-9.08,-5.00,10,0.120,1.608
C1129,-7.95,-47.30,20,2.535,2.413
C1130,-38.58,-11.18,40,3.572,3.103
C1131,-11.45,10.65,40,4.416,3.084
C1132,0.66,41.00,50,,3.589
C1133,21.06,5.37,30,3.387,2.585
C1134,6.94,1.51,30,3.991,2.610
C1135,-9.51,-45.28,40,,3.069
C1136,42.76,-12.57,30,2.713,2.624
C1137,9.81,-10.64,10,1.256,1.616
C1138,47.48,-17.63,10,0.807,1.571
C1139,36.74,38.92,30,2.572,2.569
C1140,17.36,-10.42,30,2.739,2.650
C1141,39.93,-28.91,50,4.119,3.608
C1142,49.12,28.50,10,1.477,1.609
C1143,-27.91,31.25,10,1.205,1.647
C1144,19.11,-15.46,10,2.165,1.576
C1145,41.88,32.14,10,1.618,1.579
C1146,-48.26,20.57,20,1.522,2.406
C1147,29.95,-39.00,30,1.834,2.593
C1148,-41.06,-13.19,30,2.681,2.611
C1149,41.66,35.21,40,2.065,3.118
C1150,11.20,-12.71,50,4.840,3.648
C1151,-33.79,36.51,20,1.905,2.411
C1152,-46.06,-5.45,20,1.700,2.405
C1153,32.78,6.46,20,1.522,2.093
C1154,-36.05,-11.06,20,1.546,2.073
C1155,43.95,11.34,50,5.475,3.615
C1156,-40.91,2.40,10,1.879,1.568
C1157,33.80,34.25,20,1.352,2.419
C1158,-7.65,46.74,20,1.618,2.428
C1159,37.27,-21.08,10,0.787,1.586
C1160,26.86,-34.57,50,5.443,3.635
C1161,35.29,-17.25,20,1.650,2.102
C1162,-2.98,21.25,50,3.966,3.587
C1163,21.38,-28.93,40,3.282,3.107
C1164,-18.13,-17.81,10,0.251,1.575
C1165,-45.28,43.50,10,0.617,1.621
C1166,-26.76,25.34,50,4.556,3.605
C1167,-49.86,45.35,30,3.958,2.616
C1168,-13.70,-41.33,30,3.224,2.608
C1169,-0.62,-1.26,40,3.742,3.103
C1170,-48.06,40.46,50,6.220,3.630
C1171,-49.23,-6.06,50,5.192,3.594
C1172,18.65,18.93,10,0.159,1.618
C1173,-39.96,-32.97,30,2.243,2.608
C1174,-42.62,-25.32,10,1.317,1.605
C1175,-0.44,-7.65,50,4.359,3.597
C1176,21.82,-18.62,30,3.695,2.581
C1177,47.72,14.39,40,3.865,3.108
C1178,-20.46,32.64,40,3.704,3.078
C1179,-38.25,-14.19,50,,3.565
C1180,-43.15,26.32,40,4.644,3.108
C1181,-29.25,-21.98,50,5.738,3.571
C1182,-39.99,-9.69,30,,2.630
C1183,-49.66,-46.44,20,1.929,2.396
C1184,-21.49,-35.54,30,2.918,2.603
C1185,-33.58,-38.76,40,4.711,3.088
C1186,-48.18,7.69,40,4.625,3.104
C1187,-14.54,12.77,50,4.492,3.616
C1188,32.59,-44.46,30,3.070,2.620
C1189,-19.63,5.86,40,3.683,3.090
C1190,21.01,25.32,20,0.220,2.111
C1191,22.87,0.41,10,1.310,1.544
C1192,-47.44,-3.83,50,5.810,3.630
C1193,46.18,13.43,40,3.816,3.090
C1194,-36.10,-11.75,50,5.115,3.604
C1195,21.75,10.76,10,-0.049,1.620
C1196,-12.06,42.46,10,0.829,1.642
C1197,36.82,35.49,20,0.616,2.408
C1198,49.50,23.77,20,2.237,2.376
C1199,-30.67,37.35,40,2.245,3.090
C1200,31.95,-20.03,30,2.600,2.569
C1201,0.55,25.05,10,1.184,1.601
C1202,46.54,-20.84,40,4.570,3.094
C1203,15.81,1.63,10,0.984,1.595
C1204,9.32,-1.22,50,5.166,3.584
C1205,-27.05,-45.26,40,2.616,3.102
C1206,21.87,7.04,50,4.585,3.606
C1207,-21.18,0.49,40,4.535,3.104
C1208,34.58,1.92,30,2.339,2.590
C1209,47.73,-46.82,10,1.023,1.614
C1210,-49.22,-12.58,50,6.385,3.609
C1211,45.46,-7.68,40,4.060,3.089
C1212,-14.15,23.63,30,2.446,2.595
C1213,-1.17,23.45,30,2.635,2.592
C1214,42.41,-11.83,50,5.115,3.577
C1215,27.60,-9.63,20,2.686,2.103
C1216,-25.68,21.08,20,1.900,2.100
C1217,-40.31,-8.04,50,6.337,3.601
C1218,34.12,10.66,30,3.076,2.600
C1219,24.71,-23.26,50,5.798,3.578
C1220,35.83,-44.62,10,1.443,1.610
C1221,-11.60,19.43,50,6.135,3.579
C1222,-0.79,16.88,30,3.139,2.596
C1223,-3.50,-41.66,20,1.608,2.101
C1224,-18.53,-47.56,20,1.690,2.399
C1225,-16.43,-49.75,20,0.961,2.406
C1226,21.86,-37.01,10,0.512,1.644
C1227,25.31,-28.81,10,0.668,1.573
C1228,36.39,35.70,40,3.384,3.098
C1229,34.49,-6.67,40,3.312,3.077
C1230,25.39,15.22,50,5.876,3.626
C1231,-16.72,46.97,20,3.310,2.381
C1232,21.00,-5.80,50,5.001,3.593
C1233,47.26,29.90,20,1.279,2.417
C1234,41.62,-11.39,20,1.494,2.106
C1235,47.15,24.15,20,2.534,2.398
C1236,-46.38,-23.59,30,2.908,2.593
C1237,11.16,38.78,10,-0.142,1.572
C1238,-28.47,-44.78,10,0.310,1.594
C1239,-25.34,-4.77,40,5.086,3.093
C1240,34.41,48.86,30,3.555,2.600
C1241,25.02,-35.63,50,5.982,3.602
C1242,-17.12,-39.87,30,3.249,2.616
C1243,1.99,-16.81,50,5.260,3.626
C1244,-31.17,-36.39,30,2.778,2.639
C1245,-49.62,17.78,50,4.176,3.613
C1246,40.00,11.44,20,2.550,2.093
C1247,20.96,2.62,30,2.326,2.575
C1248,2.88,47.03,20,1.722,2.410
C1249,-44.59,-18.40,20,0.430,2.375
C1250,-7.92,-5.60,20,2.092,2.251
C1251,-12.00,-3.67,10,0.546,1.593
C1252,-32.85,20.51,20,2.843,2.091
C1253,-34.38,-27.26,40,5.019,3.083
C1254,-32.68,25.55,40,,3.123
C1255,9.68,-31.47,10,,1.559
C1256,-37.53,47.70,30,2.511,2.621
C1257,-26.15,45.24,40,4.451,3.147
C1258,44.63,-10.05,10,1.184,1.603
C1259,-28.05,37.99,40,3.824,3.092
C1260,26.39,-10.57,20,1.454,2.101
C1261,9.80,4.12,10,0.568,1.598
C1262,-8.68,24.77,30,2.801,2.609
C1263,9.53,25.86,10,1.859,1.604
C1264,-36.64,38.59,10,0.724,1.585
C1265,-1.58,-3.82,40,4.130,3.117
C1266,47.21,9.37,40,4.170,3.081
C1267,-7.23,6.99,20,2.628,2.231
C1268,-25.71,0.56,20,2.312,2.115
C1269,42.75,19.47,50,5.057,3.625
C1270,11.08,-24.04,50,4.856,3.600
C1271,22.79,-43.47,50,6.178,3.618
C1272,4.34,1.87,20,2.091,2.259
C1273,-48.88,-7.16,20,1.805,2.389
C1274,25.57,2.72,20,1.273,2.094
C1275,47.87,11.29,50,4.600,3.614
C1276,21.62,-13.51,20,1.872,2.092
C1277,30.88,-19.30,20,1.041,2.118
C1278,35.16,17.57,30,2.704,2.587
C1279,49.92,-9.95,10,0.166,1.585
C1280,-21.14,33.31,50,5.531,3.598
C1281,-5.06,26.23,50,5.615,3.584
C1282,4.28,40.14,20,2.448,2.105
C1283,-34.75,-40.38,40,,3.088
C1284,-1.90,-33.91,40,2.957,3.095
C1285,-22.30,10.79,40,4.173,3.106
C1286,33.69,20.85,10,2.064,1.587
C1287,-15.29,-28.91,30,3.020,2.579
C1288,-41.83,-47.57,50,5.331,3.608
C1289,-48.99,36.16,20,0.901,2.412
C1290,36.05,27.82,40,2.265,3.114
C1291,35.88,42.12,40,4.163,3.109
C1292,43.41,-21.03,50,5.080,3.645
C1293,-42.75,0.98,20,1.084,2.084
C1294,-10.52,22.68,40,4.523,3.069
C1295,-7.18,12.58,50,4.505,3.596
C1296,36.09,-48.76,20,1.799,2.400
C1297,-23.86,0.99,10,1.356,1.606
C1298,-19.78,48.19,40,3.552,3.097
C1299,23.27,-26.77,20,1.604,2.111
C1300,-31.99,-4.41,50,4.700,3.600
C1301,13.54,30.75,40,4.195,3.117
C1302,24.22,-23.39,50,5.637,3.621
C1303,-31.95,-9.33,50,4.816,3.588
C1304,-27.81,19.05,40,2.868,3.128
C1305,19.98,-5.01,30,2.918,2.602
C1306,29.45,45.41,40,2.816,3.105
C1307,45.34,35.02,10,2.471,1.605
C1308,-19.14,-21.00,30,3.521,2.599
C1309,4.86,-49.94,40,3.139,3.076
C1310,-35.32,3.62,40,3.374,3.083
C1311,-6.31,35.33,30,3.541,2.579
C1312,-23.89,40.92,40,4.403,3.091
C1313,-15.12,-37.80,10,1.487,1.608
C1314,30.34,39.14,20,1.462,2.406
C1315,30.32,-0.23,10,0.377,1.564
C1316,20.45,47.92,30,3.063,2.566
C1317,-37.64,30.17,20,2.123,2.405
C1318,-21.60,-33.34,40,3.649,3.115
C1319,43.93,2.70,40,4.869,3.096
C1320,-4.75,38.13,20,2.327,2.102
C1321,12.18,31.35,40,3.370,3.080
C1322,-48.17,46.81,20,3.116,2.401
C1323,1.80,33.42,10,1.697,1.586
C1324,18.91,49.11,10,-0.152,1.634
C1325,-44.11,2.46,50,5.292,3.601
C1326,-38.47,9.63,30,3.759,2.605
C1327,-13.16,-43.01,50,5.016,3.577
C1328,44.45,-10.59,50,4.272,3.619
C1329,-25.12,-18.45,50,3.723,3.595
C1330,-47.84,41.70,50,5.119,3.604
C1331,30.93,-16.88,10,0.808,1.600
C1332,34.92,38.61,20,1.933,2.424
C1333,3.67,-26.08,40,4.209,3.098
C1334,39.30,8.20,30,,2.605
C1335,-32.10,3.46,10,0.079,1.560
C1336,-22.53,-40.15,10,0.298,1.590
C1337,-47.96,-18.29,20,1.603,2.407
C1338,8.34,48.58,30,3.180,2.586
C1339,38.74,9.45,40,4.105,3.105
C1340,10.64,32.66,20,2.892,2.109
C1341,-41.97,21.95,10,0.867,1.595
C1342,19.32,40.03,40,2.834,3.093
C1343,17.59,-15.55,30,3.535,2.604
C1344,-33.33,-27.89,10,1.812,1.650
C1345,32.90,-42.85,10,0.881,1.603
C1346,41.24,34.18,40,3.871,3.122
C1347,-10.83,2.28,50,4.417,3.634
C1348,-19.12,21.93,10,0.613,1.569
C1349,7.47,-43.59,50,4.765,3.604
C1350,47.25,34.65,20,3.897,2.407
C1351,22.50,8.27,30,2.966,2.575
C1352,29.01,-38.22,40,3.527,3.107
C1353,26.86,-0.15,50,5.119,3.598
C1354,45.70,9.71,40,4.223,3.063
C1355,31.62,-15.92,40,3.918,3.129
C1356,-23.17,21.11,50,4.213,3.610
C1357,-26.87,8.13,10,1.610,1.608
C1358,-25.79,34.04,50,5.650,3.611
C1359,-28.71,36.35,30,2.620,2.584
C1360,-29.17,-43.78,30,2.643,2.627
C1361,43.45,14.65,50,4.203,3.594
C1362,45.17,22.26,10,1.158,1.616
C1363,-41.01,-35.74,30,3.346,2.576
C1364,-43.59,38.34,20,2.655,2.388
C1365,35.70,35.65,50,6.248,3.585
C1366,6.37,-36.05,20,2.697,2.087
C1367,-28.84,38.33,30,3.125,2.602
C1368,-3.82,14.66,20,1.069,2.241
C1369,-42.63,28.68,40,4.373,3.084
C1370,48.22,29.86,20,1.678,2.414
C1371,-36.00,-33.82,30,3.055,2.588
C1372,30.66,-43.73,20,2.543,2.413
C1373,45.82,13.70,50,5.507,3.604
C1374,21.10,-16.28,10,1.362,1.635
C1375,-41.14,-23.95,40,3.887,3.142
C1376,9.00,-37.01,20,2.042,2.095
C1377,-37.08,35.94,50,4.004,3.620
C1378,36.70,7.14,40,4.285,3.102
C1379,17.28,33.67,10,2.231,1.589
C1380,44.21,5.68,10,1.296,1.580
C1381,-35.41,-45.15,50,4.742,3.562
C1382,-4.63,-28.05,10,1.731,1.620
C1383,4.36,31.72,50,,3.618
C1384,-39.17,-30.87,10,1.498,1.608
C1385,17.69,41.23,20,2.426,2.117
C1386,6.64,-18.02,30,3.252,2.575
C1387,-15.20,-7.76,30,2.696,2.590
C1388,-8.71,16.21,30,2.427,2.596
C1389,29.62,30.01,30,2.245,2.598
C1390,-14.36,26.56,20,2.285,2.103
C1391,47.26,31.64,40,4.236,3.142
C1392,41.82,0.96,50,4.522,3.607
C1393,-42.19,-17.81,40,4.261,3.098
C1394,35.24,-28.51,40,4.638,3.109
C1395,17.38,45.92,10,-0.111,1.618
C1396,-44.47,7.37,40,3.301,3.125
C1397,45.54,46.90,50,4.105,3.595
C1398,33.35,-0.66,20,1.307,2.094
C1399,33.27,-12.49,10,1.787,1.597
C1400,41.56,11.13,20,1.186,2.115
C1401,42.11,49.31,30,3.246,2.571
C1402,-28.09,36.47,40,4.358,3.088
C1403,43.74,-9.04,20,2.035,2.103
C1404,-45.21,-45.70,20,0.648,2.370
C1405,38.14,-9.13,20,2.008,2.075
C1406,-4.33,25.87,50,6.289,3.598
C1407,33.12,-49.83,30,,2.608
C1408,-22.70,33.27,30,3.187,2.610
C1409,25.49,-23.97,50,5.764,3.592
C1410,30.47,-13.38,10,1.949,1.574
C1411,-41.91,42.07,30,2.031,2.578
C1412,41.44,-12.59,50,4.703,3.548
C1413,31.73,-2.18,30,3.349,2.652
C1414,9.55,-5.61,30,4.471,2.568
C1415,20.79,-13.71,50,4.834,3.590
C1416,-15.42,-41.85,20,1.580,2.104
C1417,-2.94,-7.61,20,-0.347,2.251
C1418,-35.26,-0.69,30,2.656,2.612
C1419,-0.01,-28.17,50,4.131,3.615
C1420,28.28,32.57,10,1.276,1.634
C1421,5.84,-0.54,20,1.919,2.257
C1422,-36.65,-26.14,20,2.192,2.404
C1423,32.96,-39.96,30,,2.604
C1424,23.80,7.78,40,3.187,3.123
C1425,-46.26,-2.14,30,3.695,2.595
C1426,30.49,21.52,10,1.376,1.617
C1427,36.52,48.83,40,3.780,3.102
C1428,1.24,-29.96,20,3.231,2.097
C1429,-12.14,23.32,40,4.662,3.138
C1430,-41.65,-6.85,10,1.758,1.606
C1431,32.83,-10.47,40,4.779,3.123
C1432,-49.63,-21.10,10,0.053,1.609
C1433,-15.65,-14.24,40,3.711,3.104
C1434,-17.23,-38.21,20,2.186,2.111
C1435,41.20,-4.46,30,,2.571
C1436,-5.07,8.76,20,2.078,2.241
C1437,38.87,-22.05,10,1.739,1.625
C1438,-41.07,-4.63,20,1.147,2.111
C1439,34.61,-2.80,30,2.743,2.558
C1440,11.24,15.96,30,2.607,2.598
C1441,3.79,8.35,50,5.134,3.596
C1442,-19.40,44.35,40,4.678,3.096
C1443,-0.96,2.61,40,3.436,3.118
C1444,-22.65,10.73,50,5.097,3.593
C1445,-4.42,3.06,10,1.873,1.599
C1446,26.88,-15.49,30,2.239,2.617
C1447,12.55,-33.78,40,3.043,3.107
C1448,18.05,-48.36,30,2.192,2.602
C1449,39.22,-27.79,10,1.919,1.598
C1450,-44.71,5.83,30,1.860,2.592
C1451,-30.11,-47.25,50,5.730,3.622
C1452,22.42,-18.21,50,5.276,3.586
C1453,-9.18,-45.90,20,1.263,2.402
C1454,15.02,18.66,40,4.165,3.080
C1455,39.78,1.35,20,1.731,2.113
C1456,23.60,39.23,10,1.839,1.614
C1457,43.31,12.96,40,4.889,3.093
C1458,-34.81,20.40,10,0.755,1.576
C1459,25.66,38.22,30,2.944,2.582
C1460,20.26,39.66,50,5.215,3.594
C1461,-49.24,-13.13,30,1.930,2.604
C1462,-45.70,8.48,30,3.363,2.668
C1463,-46.62,-9.65,50,5.410,3.629
C1464,2.76,6.64,50,6.257,3.618
C1465,27.65,44.12,10,1.539,1.595
C1466,-9.46,49.32,10,2.350,1.620
C1467,-49.68,-2.83,10,1.258,1.628
C1468,-32.51,-43.54,50,4.374,3.608
C1469,44.85,45.99,20,1.538,2.393
C1470,-25.53,-38.15,20,0.704,2.418
C1471,35.34,-47.56,10,0.592,1.591
C1472,-12.96,19.86,40,4.273,3.086
C1473,2.13,34.91,50,5.276,3.594
C1474,-1.03,11.77,20,1.335,2.242
C1475,-36.55,9.37,10,1.680,1.607
C1476,-13.38,-17.14,10,1.779,1.580
C1477,49.96,12.57,10,0.074,1.530
C1478,6.41,32.47,20,1.641,2.111
C1479,-3.48,-17.32,10,1.124,1.618
C1480,4.91,-3.92,30,3.528,2.610
C1481,-23.70,14.22,10,0.930,1.628
C1482,6.64,28.16,10,0.753,1.593
C1483,22.83,13.76,20,1.437,2.107
C1484,-39.43,-34.28,40,3.105,3.086
C1485,-22.16,2.98,10,1.053,1.613
C1486,-29.11,-6.46,50,5.099,3.589
C1487,24.49,14.55,10,1.374,1.602
C1488,43.57,14.60,30,2.741,2.612
C1489,-7.53,-40.26,20,2.670,2.107
C1490,13.32,-36.13,50,5.168,3.589
C1491,-46.88,-41.25,30,4.339,2.580
C1492,-36.85,-40.41,40,4.854,3.086
C1493,-11.55,2.43,40,4.060,3.131
C1494,16.44,-49.73,30,3.996,2.581
C1495,14.03,28.28,40,4.325,3.093
C1496,-30.78,6.87,10,1.022,1.610
C1497,-36.71,22.10,10,1.092,1.605
C1498,43.81,-1.94,50,4.762,3.574
C1499,-14.46,40.67,40,4.930,3.091
C1500,-3.96,32.28,20,1.301,2.092
C1501,-40.46,-0.17,20,1.765,2.104
C1502,41.02,-25.58,50,3.794,3.613
C1503,16.80,-37.35,30,2.791,2.582
C1504,1.00,34.31,10,1.985,1.642
C1505,-6.87,17.69,30,,2.605
C1506,-44.85,-23.48,30,2.960,2.609
C1507,-28.57,22.61,10,0.110,1.578
C1508,35.61,-19.20,50,6.027,3.606
C1509,12.22,-24.52,40,3.980,3.132
C1510,-30.61,23.92,20,2.582,2.094
C1511,-31.08,23.95,40,4.508,3.091
C1512,-14.99,32.39,30,2.274,2.600
C1513,11.53,34.98,40,,3.097
C1514,4.24,4.68,10,-0.018,1.606
C1515,2.70,-24.20,20,3.932,2.125
C1516,36.89,10.55,40,4.478,3.068
C1517,36.13,-20.11,50,,3.626
C1518,34.52,29.29,30,4.667,2.607
C1519,20.25,-38.11,20,1.555,2.096
C1520,-10.75,-17.36,50,5.357,3.611
C1521,-23.07,-46.20,20,1.449,2.394
C1522,45.57,-5.45,30,3.667,2.604
C1523,-45.47,-36.00,30,,2.600
C1524,11.84,47.27,10,0.213,1.612
C1525,34.61,-14.43,50,4.221,3.616
C1526,-22.81,28.99,20,2.446,2.087
C1527,47.87,32.87,30,2.896,2.624
C1528,38.59,-40.80,50,4.238,3.623
C1529,-30.07,16.86,10,1.220,1.567
C1530,-22.97,-15.57,40,4.336,3.083
C1531,39.73,-20.19,20,3.051,2.081
C1532,-39.07,25.44,30,3.605,2.613
C1533,-31.15,-24.57,30,3.535,2.614
C1534,10.85,-19.02,50,5.349,3.577
C1535,-35.30,25.68,20,2.357,2.089
C1536,7.25,-15.04,20,1.333,2.236
C1537,7.55,-10.76,50,4.333,3.589
C1538,9.64,24.10,30,2.278,2.549
C1539,-24.93,-36.15,50,4.900,3.570
C1540,32.11,19.29,50,5.813,3.586
C1541,47.04,-17.69,50,4.332,3.586
C1542,-22.21,34.41,10,0.710,1.623
C1543,36.55,11.84,40,2.846,3.126
C1544,-20.69,-49.23,50,4.146,3.620
C1545,-15.11,-36.78,30,2.698,2.593
C1546,28.54,25.05,40,4.354,3.132
C1547,-36.27,-28.02,50,4.919,3.559
C1548,-43.82,-48.30,30,,2.554
C1549,-11.34,23.84,30,3.639,2.572
C1550,-37.03,17.26,40,4.784,3.104
C1551,-42.04,-27.67,10,-0.019,1.597
C1552,8.87,12.59,40,4.143,3.103
C1553,-31.60,12.72,30,2.955,2.585
C1554,-19.91,43.94,40,3.300,3.089
C1555,22.91,-40.23,20,2.553,2.406
C1556,-40.70,-32.86,10,1.196,1.594
C1557,49.40,-19.79,30,3.656,2.627
C1558,-19.12,26.64,30,3.201,2.608
C1559,4.56,-2.81,40,3.072,3.073
C1560,29.18,-13.18,10,1.523,1.591
C1561,-26.30,-11.87,30,3.813,2.604
C1562,-15.88,0.81,50,4.005,3.589
C1563,-29.37,-17.51,10,1.270,1.621
C1564,-12.14,18.17,50,5.503,3.580
C1565,23.49,-47.49,10,0.246,1.582
C1566,21.44,9.78,30,3.252,2.594
C1567,-31.80,-13.95,40,3.214,3.112
C1568,-2.31,-2.11,30,3.407,2.622
C1569,18.82,25.30,10,1.456,1.629
C1570,23.81,-46.45,10,0.399,1.597
C1571,13.60,-28.34,50,4.507,3.578
C1572,-30.52,1.14,40,3.850,3.102
C1573,36.81,11.73,40,3.598,3.072
C1574,-21.16,-31.49,20,1.123,2.090
C1575,-13.01,-30.49,40,4.219,3.111
C1576,5.85,12.38,40,4.013,3.102
C1577,35.94,22.38,40,4.374,3.063
C1578,14.97,-5.01,10,0.958,1.583
C1579,20.17,-5.41,40,3.767,3.113
C1580,-28.36,-9.98,50,5.224,3.607
C1581,-14.74,-24.76,30,1.481,2.615
C1582,-36.31,48.56,40,4.636,3.078
C1583,23.69,12.59,30,,2.622
C1584,44.88,-14.37,20,2.116,2.387
C1585,23.49,-24.42,20,1.769,2.096
C1586,-37.53,-24.86,20,1.174,2.398
C1587,19.34,-18.25,10,0.662,1.589
C1588,-6.68,5.47,50,5.303,3.623
C1589,-40.79,8.17,30,0.783,2.621
C1590,49.95,16.17,40,4.693,3.118
C1591,22.41,-47.63,20,,2.391
C1592,12.24,7.68,10,0.455,1.600
C1593,37.31,8.15,30,2.845,2.619
C1594,-17.47,41.93,10,1.119,1.597
C1595,16.68,-26.85,30,3.365,2.598
C1596,-3.17,-45.67,20,2.606,2.411
C1597,-37.61,44.57,10,1.960,1.636
C1598,4.11,6.33,40,4.177,3.088
C1599,13.19,-39.60,20,0.960,2.096
C1600,-2.68,-17.38,30,3.910,2.594
C1601,-37.47,-10.85,10,-0.255,1.609
C1602,-42.47,26.80,10,1.660,1.574
C1603,16.48,-23.57,50,5.085,3.653
C1604,33.79,44.97,40,4.936,3.118
C1605,42.41,7.24,20,1.532,2.096
C1606,-11.18,-40.48,10,0.347,1.601
C1607,43.83,0.75,20,1.766,2.104
C1608,31.98,8.37,10,0.154,1.600
C1609,-7.60,45.87,50,,3.614
C1610,-9.37,41.21,30,2.440,2.617
C1611,-16.65,44.06,10,0.826,1.634
C1612,-43.09,14.70,30,4.065,2.625
C1613,-49.03,14.28,20,1.998,2.404
C1614,-25.45,18.46,20,3.249,2.098
C1615,-24.54,-45.10,30,3.627,2.610
C1616,22.97,-23.56,50,4.131,3.609
C1617,-34.26,-24.53,50,5.521,3.594
C1618,19.24,28.12,30,2.745,2.629
C1619,23.03,-32.94,20,0.934,2.100
C1620,-4.03,24.38,10,2.128,1.653
C1621,-38.23,-8.21,10,1.259,1.586
C1622,21.95,-22.91,20,0.798,2.111
C1623,41.36,40.39,10,1.865,1.625
C1624,-13.38,-19.78,20,3.328,2.094
C1625,25.87,27.35,30,3.439,2.583
C1626,24.19,25.83,20,2.280,2.098
C1627,-44.60,-12.35,10,1.690,1.602
C1628,-44.43,-17.41,10,0.236,1.598
C1629,17.66,-49.65,40,3.719,3.106
C1630,33.09,-3.69,50,5.614,3.599
C1631,42.06,-32.24,10,1.089,1.597
C1632,-35.83,-48.91,30,3.755,2.595
C1633,8.34,11.58,10,2.453,1.611
C1634,-21.79,-37.44,50,5.348,3.595
C1635,-27.73,-19.38,10,1.346,1.599
C1636,23.84,21.44,10,0.207,1.616
C1637,-8.68,24.50,50,5.014,3.584
C1638,-6.23,45.20,30,2.424,2.597
C1639,34.44,40.81,40,3.579,3.106
C1640,-26.13,1.51,30,3.394,2.607
C1641,2.83,44.55,30,3.478,2.571
C1642,32.77,-15.77,30,2.326,2.601
C1643,-36.81,5.05,50,4.713,3.586
C1644,9.62,4.42,50,4.704,3.593
C1645,33.72,-47.77,10,0.856,1.592
C1646,26.45,-46.46,10,0.428,1.595
C1647,38.45,-26.19,20,1.721,2.386
C1648,-46.74,43.13,10,1.302,1.601
C1649,19.15,40.43,10,1.473,1.604
C1650,-29.61,13.66,10,1.493,1.630
C1651,5.70,-43.34,20,1.134,2.093
C1652,27.48,45.25,20,1.657,2.402
C1653,-7.98,-43.39,10,0.273,1.570
C1654,20.42,0.57,50,3.678,3.586
C1655,34.04,12.05,40,4.523,3.070
C1656,44.57,20.97,20,2.370,2.410
C1657,4.51,42.55,10,1.072,1.590
C1658,-18.39,-15.64,20,1.180,2.113
C1659,-11.00,-12.59,50,5.070,3.594
C1660,36.56,4.35,10,0.631,1.577
C1661,-25.97,-25.06,10,0.843,1.608
C1662,38.33,4.79,30,2.772,2.605
C1663,-44.22,-15.20,40,5.054,3.085
C1664,47.13,42.93,30,1.556,2.610
C1665,-38.09,-19.20,50,4.749,3.620
C1666,38.34,13.40,30,1.970,2.603
C1667,4.08,-11.45,40,,3.103
C1668,6.13,48.59,40,3.941,3.079
C1669,48.07,39.18,40,4.803,3.114
C1670,45.14,-18.20,40,3.969,3.092
C1671,29.86,-49.44,30,2.604,2.578
C1672,15.16,-20.38,10,1.260,1.596
C1673,17.77,-0.64,20,2.348,2.239
C1674,-36.65,-16.37,40,5.093,3.121
C1675,-3.26,15.86,40,4.296,3.110
C1676,-7.08,-16.83,40,4.770,3.072
C1677,-39.81,-17.18,10,2.546,1.599
C1678,-48.87,39.59,40,3.738,3.136
C1679,-48.37,-20.92,40,,3.112
C1680,23.75,9.22,30,2.127,2.604
C1681,-5.25,2.04,30,2.603,2.605
C1682,-0.94,-24.11,50,4.049,3.589
C1683,-24.64,-35.02,20,1.857,2.103
C1684,4.08,-14.57,30,3.595,2.610
C1685,-37.28,-18.12,40,3.590,3.107
C1686,-33.65,-14.04,30,3.122,2.602
C1687,31.76,31.28,30,3.461,2.611
C1688,-47.26,3.36,50,4.272,3.585
C1689,41.60,47.38,20,2.385,2.390
C1690,-16.18,-19.77,40,4.968,3.095
C1691,43.22,-25.19,30,,2.558
C1692,-43.63,-45.61,40,4.068,3.093
C1693,-18.73,36.27,20,2.921,2.103
C1694,9.32,-2.21,20,2.441,2.273
C1695,43.78,-20.43,10,1.353,1.611
C1696,-41.00,-47.21,10,1.934,1.587
C1697,30.92,12.29,50,5.014,3.601
C1698,11.30,-20.16,30,3.193,2.574
C1699,14.00,15.12,40,3.938,3.120
C1700,49.23,-38.80,30,2.886,2.633
C1701,-17.89,1.80,10,-0.180,1.618
C1702,-13.98,-36.30,10,0.931,1.630
C1703,3.59,15.41,30,3.609,2.596
C1704,12.51,23.64,10,0.944,1.625
C1705,-18.83,30.13,50,5.311,3.632
C1706,20.63,29.33,40,3.627,3.101
C1707,-41.79,37.79,10,0.477,1.591
C1708,-30.52,36.17,20,1.609,2.394
C1709,-48.67,31.01,40,4.105,3.103
C1710,24.96,-25.05,40,3.846,3.051
C1711,44.79,37.55,30,,2.636
C1712,26.87,-1.43,20,2.062,2.088
C1713,-32.71,-36.48,10,,1.609
C1714,-21.61,30.96,40,4.846,3.134
C1715,17.12,31.05,40,4.196,3.119
C1716,-19.06,-6.16,50,4.689,3.578
C1717,-9.32,21.36,40,3.424,3.089
C1718,-24.42,-39.21,30,,2.610
C1719,3.42,-37.84,10,,1.620
C1720,36.95,-10.17,40,3.310,3.106
C1721,-26.03,-26.33,50,5.816,3.596
C1722,2.95,36.52,40,3.426,3.074
C1723,16.50,36.46,30,2.112,2.573
C1724,-49.34,-36.01,10,1.392,1.585
C1725,-24.70,-18.90,50,5.983,3.594
C1726,6.73,-4.94,20,2.529,2.266
C1727,32.52,-37.67,30,2.730,2.562
C1728,-27.20,-38.06,10,-0.321,1.612
C1729,39.88,-2.53,30,2.537,2.641
C1730,32.46,10.71,50,5.668,3.625
C1731,-10.59,-33.14,20,3.250,2.103
C1732,31.35,-34.66,10,0.146,1.601
C1733,34.92,19.97,50,5.471,3.608
C1734,-21.83,41.66,30,2.908,2.622
C1735,-38.48,-49.88,50,5.224,3.562
C1736,-39.91,26.51,50,4.066,3.617
C1737,38.08,-48.90,50,4.350,3.597
C1738,-0.56,44.09,10,2.193,1.598
C1739,17.15,-15.27,20,1.907,2.111
C1740,-10.99,26.95,30,2.992,2.583
C1741,28.03,2.25,40,3.119,3.108
C1742,32.42,-13.17,50,6.234,3.597
C1743,39.25,-11.35,20,3.294,2.090
C1744,14.18,18.55,50,4.663,3.607
C1745,39.21,38.30,10,0.609,1.591
C1746,36.69,30.82,40,4.061,3.076
C1747,-22.84,-15.54,20,0.970,2.094
C1748,8.85,26.24,50,3.461,3.588
C1749,-23.78,-33.06,50,5.120,3.626
C1750,13.78,-49.91,10,1.203,1.576
C1751,39.71,18.91,10,2.258,1.607
C1752,-1.69,-41.58,40,4.587,3.109
C1753,32.46,-9.63,10,-0.101,1.625
C1754,-48.29,31.90,20,2.274,2.399
C1755,36.71,-11.54,10,0.765,1.603
C1756,44.42,-44.72,10,-0.038,1.591
C1757,-18.66,-48.21,30,2.935,2.621
C1758,20.96,40.71,50,5.095,3.569
C1759,31.92,31.95,40,4.299,3.096
C1760,-37.57,15.40,40,,3.105
C1761,-8.56,-49.15,20,,2.404
C1762,-29.34,26.42,50,6.333,3.569
C1763,24.66,-6.77,40,3.970,3.081
C1764,-9.41,-41.70,40,4.492,3.111
C1765,-49.99,25.56,50,4.593,3.590
C1766,-23.74,19.36,20,,2.089
C1767,-29.67,-28.74,20,2.062,2.087
C1768,-42.52,-17.53,50,5.071,3.569
C1769,3.08,46.18,10,-0.577,1.622
C1770,-16.31,-38.37,30,2.633,2.623
C1771,-28.11,31.57,50,4.944,3.575
C1772,43.67,15.07,10,0.759,1.587
C1773,-17.62,-27.55,40,3.916,3.084
C1774,-37.23,6.93,40,4.334,3.098
C1775,2.32,7.58,20,1.824,2.266
C1776,39.23,-45.30,10,1.702,1.632
C1777,27.80,18.86,10,2.274,1.566
C1778,-35.18,-44.90,10,0.240,1.600
C1779,-20.10,6.12,40,,3.076
C1780,-26.28,-45.62,20,1.296,2.403
C1781,42.76,28.71,20,2.037,2.416
C1782,-22.07,46.81,50,5.113,3.597
C1783,-33.06,-43.20,40,3.493,3.117
C1784,-4.49,37.86,10,1.125,1.585
C1785,11.18,28.41,20,1.587,2.095
C1786,-34.15,-8.94,40,3.431,3.113
C1787,-47.55,-32.69,40,3.155,3.108
C1788,-40.52,24.20,30,1.800,2.567
C1789,15.09,23.49,10,2.004,1.601
C1790,-33.66,16.37,10,0.912,1.565
C1791,-24.12,-18.80,20,1.743,2.106
C1792,17.57,-4.56,30,3.076,2.605
C1793,37.14,-48.77,10,2.475,1.575
C1794,45.27,-16.21,20,0.778,2.393
C1795,-11.64,-1.25,30,,2.586
C1796,-27.36,-24.23,30,2.293,2.610
C1797,23.91,6.34,40,4.714,3.117
C1798,21.24,-23.23,20,1.266,2.096
C1799,47.44,14.81,20,1.957,2.412
C1800,-40.21,7.93,20,2.224,2.121
C1801,37.81,36.40,20,0.919,2.404
C1802,-32.43,-30.56,20,2.504,2.095
C1803,24.73,25.93,40,5.233,3.113
C1804,49.54,37.41,50,5.518,3.615
C1805,-26.82,-45.79,40,3.634,3.112
C1806,24.22,-8.27,20,2.433,2.103
C1807,27.42,-15.25,20,2.289,2.097
C1808,-21.90,-47.74,20,2.401,2.415
C1809,42.12,27.28,50,5.132,3.609
C1810,-43.03,37.85,50,5.646,3.570
C1811,-27.11,26.59,40,4.086,3.122
C1812,-20.54,22.46,40,4.072,3.114
C1813,-40.99,-14.58,40,3.614,3.112
C1814,-25.47,-25.51,30,2.512,2.620
C1815,28.72,-0.30,20,1.500,2.095
C1816,-23.28,-39.94,10,,1.618
C1817,0.66,13.92,50,5.324,3.595
C1818,-36.46,11.00,20,2.751,2.084
C1819,9.17,40.22,40,3.594,3.095
C1820,11.09,40.62,30,3.432,2.596
C1821,-28.17,46.61,50,5.604,3.575
C1822,-42.53,-43.18,30,3.674,2.621
C1823,20.18,22.50,40,3.474,3.075
C1824,13.34,-18.66,20,2.034,2.100
C1825,-1.77,23.06,30,2.769,2.595
C1826,39.54,6.01,30,3.396,2.595
C1827,47.73,48.21,40,4.396,3.091
C1828,23.24,-2.78,30,3.227,2.621
C1829,46.23,-38.13,30,2.687,2.620
C1830,-35.29,12.81,10,1.169,1.640
C1831,-34.05,-5.94,50,5.095,3.576
C1832,49.91,-16.83,50,4.200,3.603
C1833,-12.35,10.47,10,1.818,1.610
C1834,5.95,34.83,20,0.415,2.108
C1835,44.47,-25.74,50,,3.580
C1836,10.40,17.47,20,1.744,2.106
C1837,37.00,23.52,40,2.801,3.089
C1838,20.73,46.27,20,2.622,2.408
C1839,35.59,-28.32,30,1.025,2.589
C1840,-2.97,1.41,40,3.232,3.093
C1841,44.94,20.05,10,1.266,1.621
C1842,-37.47,-45.10,20,2.330,2.399
C1843,30.77,37.00,20,2.258,2.397
C1844,-26.47,-15.89,20,1.824,2.103
C1845,11.88,17.58,10,0.785,1.587
C1846,27.63,-9.58,50,5.687,3.590
C1847,20.10,39.78,20,1.872,2.110
C1848,-6.04,30.71,50,5.503,3.607
C1849,43.03,-3.26,50,4.018,3.605
C1850,-33.82,44.86,20,2.825,2.409
C1851,22.00,26.91,40,3.861,3.097
C1852,-24.68,-6.72,10,1.178,1.613
C1853,18.80,38.69,10,-0.116,1.587
C1854,-30.94,2.92,30,2.996,2.606
C1855,-45.22,5.92,50,4.922,3.602
C1856,28.48,-39.03,50,6.119,3.630
C1857,31.74,39.35,10,0.760,1.576
C1858,-33.76,-10.80,10,1.493,1.585
C1859,30.71,-1.97,30,2.699,2.576
C1860,-17.20,48.78,50,4.321,3.620
C1861,7.11,32.58,40,4.338,3.113
C1862,10.19,-38.48,10,1.154,1.575
C1863,41.36,27.34,20,2.147,2.409
C1864,7.02,-26.45,10,1.706,1.630
C1865,36.90,-33.43,40,4.037,3.130
C1866,-7.85,32.05,50,5.213,3.590
C1867,15.32,3.73,50,5.466,3.589
C1868,-30.85,-2.81,50,5.044,3.624
C1869,21.22,-39.17,10,-0.064,1.602
C1870,42.78,-40.57,50,6.489,3.596
C1871,-7.28,-9.94,30,3.666,2.600
C1872,14.73,44.08,20,2.930,2.411
C1873,4.43,-28.04,50,5.758,3.576
C1874,-48.55,22.08,30,2.397,2.575
C1875,40.78,3.50,30,3.099,2.585
C1876,30.93,5.21,30,1.749,2.586
C1877,-8.45,45.12,20,1.606,2.396
C1878,-40.90,35.99,20,1.018,2.387
C1879,-14.84,34.94,50,5.772,3.607
C1880,2.56,-44.81,50,4.413,3.630
C1881,-25.58,48.82,50,5.122,3.601
C1882,33.25,44.41,20,1.999,2.401
C1883,-20.45,-39.13,30,3.168,2.596
C1884,-29.51,5.05,30,2.628,2.599
C1885,-32.71,-47.36,40,5.080,3.095
C1886,22.63,-39.34,20,2.628,2.410
C1887,4.66,36.71,20,2.189,2.098
C1888,19.60,-45.70,30,5.016,2.604
C1889,-20.97,-24.14,20,,2.104
C1890,-10.00,-0.84,30,2.934,2.636
C1891,39.56,-23.88,50,4.211,3.579
C1892,-16.96,43.37,40,3.739,3.095
C1893,40.29,-17.56,30,1.712,2.586
C1894,46.63,21.47,20,0.648,2.392
C1895,-48.05,27.32,30,3.391,2.571
C1896,-0.58,-45.12,40,4.277,3.106
C1897,12.21,-11.50,30,4.704,2.575
C1898,-48.75,-30.33,10,-0.004,1.592
C1899,-14.98,-24.35,40,2.196,3.122
C1900,-47.20,-8.90,10,1.411,1.603
C1901,11.65,-44.43,40,3.053,3.117
C1902,-3.68,11.20,50,5.093,3.598
C1903,-23.71,-30.84,20,1.353,2.095
C1904,27.76,-41.53,30,3.416,2.643
C1905,4.29,-5.40,50,4.256,3.596
C1906,-16.76,-15.95,30,3.449,2.626
C1907,43.53,47.50,10,0.884,1.587
C1908,47.58,30.09,10,1.134,1.559
C1909,-31.76,-22.96,40,4.491,3.104
C1910,47.84,9.15,10,0.014,1.606
C1911,8.76,3.46,50,,3.621
C1912,37.54,-31.53,10,0.553,1.614
C1913,-20.85,26.46,50,,3.593
C1914,-45.34,20.08,50,4.192,3.587
C1915,-48.74,-37.20,30,,2.631
C1916,-6.91,22.48,20,2.730,2.104
C1917,-49.55,12.87,40,4.282,3.109
C1918,-5.45,-49.02,20,2.269,2.399
C1919,24.40,-44.84,40,3.913,3.091
C1920,16.83,4.73,10,0.557,1.586
C1921,23.20,-40.93,50,5.599,3.571
C1922,9.46,10.70,50,3.652,3.588
C1923,45.40,-32.71,50,3.764,3.579
C1924,-25.99,18.69,50,5.655,3.618
C1925,40.38,-13.02,40,2.210,3.107
C1926,48.17,24.15,20,1.097,2.416
C1927,-49.65,-30.84,50,4.794,3.600
C1928,-6.89,15.35,40,3.914,3.116
C1929,17.61,47.26,30,2.526,2.599
C1930,11.45,-1.12,50,,3.582
C1931,48.92,-22.08,40,3.928,3.090
C1932,16.04,-18.52,20,,2.107
C1933,11.74,-31.00,40,3.389,3.152
C1934,42.63,7.32,20,2.535,2.103
C1935,40.21,1.32,10,-0.090,1.616
C1936,33.42,4.99,40,4.226,3.090
C1937,-9.26,18.33,40,4.399,3.074
C1938,19.75,-48.21,30,2.705,2.587
C1939,45.60,-37.41,20,1.406,2.389
C1940,-26.01,-28.66,30,2.594,2.618
C1941,-1.20,-49.31,10,1.556,1.596
C1942,25.76,-31.45,20,2.142,2.114
C1943,9.78,34.55,10,1.063,1.575
C1944,28.37,15.00,50,4.860,3.594
C1945,-23.60,-33.89,50,5.050,3.579
C1946,-36.92,-46.43,40,4.899,3.082
C1947,-2.88,-25.07,10,0.778,1.605
C1948,16.48,21.34,30,2.728,2.616
C1949,9.75,-5.40,30,3.116,2.604
C1950,11.07,3.55,50,4.893,3.610
C1951,-40.73,3.56,30,1.810,2.629
C1952,-0.87,-26.44,30,4.164,2.612
C1953,-29.75,-33.12,50,5.759,3.614
C1954,21.07,-34.20,40,3.711,3.098
C1955,5.84,46.43,40,4.369,3.073
C1956,10.08,43.95,20,1.958,2.403
C1957,9.56,24.78,10,-0.327,1.631
C1958,-19.38,14.73,10,-0.628,1.621
C1959,-41.66,-27.50,20,3.697,2.394
C1960,-8.69,-38.32,10,,1.627
C1961,-20.23,43.46,50,5.668,3.609
C1962,6.97,-21.94,50,4.637,3.610
C1963,-27.69,-31.06,30,3.031,2.567
C1964,-27.63,42.48,30,2.409,2.576
C1965,-17.48,-34.37,20,2.273,2.117
C1966,-32.67,-20.19,10,0.738,1.607
C1967,-9.80,-32.19,40,3.483,3.089
C1968,32.40,-48.52,30,3.271,2.596
C1969,35.20,-31.59,40,5.655,3.125
C1970,-39.18,-4.58,10,1.920,1.610
C1971,-16.93,3.07,10,-0.001,1.605
C1972,11.32,-33.22,50,5.830,3.573
C1973,-27.31,21.66,50,,3.632
C1974,41.95,3.55,40,3.664,3.083
C1975,20.66,10.05,10,0.103,1.618
C1976,-27.97,-18.07,40,4.346,3.128
C1977,-39.33,-30.14,20,1.718,2.395
C1978,-42.62,29.67,40,,3.093
C1979,-31.20,-14.70,40,4.406,3.105
C1980,-10.45,2.19,20,2.746,2.246
C1981,25.08,24.15,40,4.011,3.110
C1982,-35.90,37.53,10,0.948,1.578
C1983,-46.35,-5.15,20,3.001,2.399
C1984,39.17,47.25,30,3.156,2.574
C1985,-16.46,2.76,50,5.244,3.581
C1986,-16.96,29.36,40,2.944,3.085
C1987,2.51,-42.29,30,2.585,2.570
C1988,-8.02,-40.71,50,5.325,3.581
C1989,-20.48,11.43,40,3.541,3.112
C1990,21.56,-11.46,10,0.222,1.599
C1991,29.22,26.40,50,5.496,3.604
C1992,32.63,7.18,50,4.681,3.575
C1993,27.00,11.79,10,2.221,1.622
C1994,19.04,-33.25,40,3.379,3.134
C1995,-30.70,5.18,50,6.865,3.580
C1996,23.17,4.47,20,2.218,2.089
C1997,-22.53,23.75,50,,3.614
C1998,22.18,20.31,10,1.097,1.601
C1999,-40.21,12.29,40,2.759,3.091
